date,ptsi_z_weekly,spx_close_weekly,spx_close_weekly,spx_ret_weekly,ptsi_z,spx_ret,spx_ret_lead1,rv
2015-01-02,,2058.2,,,,,-0.006531829218775624,
2015-01-09,0.6114089760755146,2044.8,-0.006531829218775624,-0.006531829218775624,0.6114089760755146,-0.006531829218775624,-0.012499547612994944,
2015-01-16,-0.9713183712846488,2019.4,-0.012499547612994944,-0.012499547612994944,-0.9713183712846488,-0.012499547612994944,0.015917019083391642,
2015-01-23,-1.0430398230666718,2051.8,0.015917019083391642,0.015917019083391642,-1.0430398230666718,0.015917019083391642,-0.028073406329648616,
2015-01-30,0.1445342584449768,1995.0,-0.028073406329648616,-0.028073406329648616,0.1445342584449768,-0.028073406329648616,0.029875077013969176,
2015-02-06,0.011641914078543125,2055.5,0.029875077013969176,0.029875077013969176,0.011641914078543125,0.029875077013969176,0.019988624563986916,0.1652339546042758
2015-02-13,0.25344314166292625,2097.0,0.019988624563986916,0.019988624563986916,0.25344314166292625,0.019988624563986916,0.006322365556347358,0.15242624189810425
2015-02-20,-0.8937961290257496,2110.3,0.006322365556347358,0.006322365556347358,-0.8937961290257496,0.006322365556347358,-0.002752208247642003,0.14252019445745714
2015-02-27,0.07462004205043782,2104.5,-0.002752208247642003,-0.002752208247642003,0.07462004205043782,-0.002752208247642003,-0.015901479749147976,0.10923129109412075
2015-03-06,0.3041904034473077,2071.3,-0.015901479749147976,-0.015901479749147976,0.3041904034473077,-0.015901479749147976,-0.008679473596612908,0.09318883615541036
2015-03-13,0.2875678172605376,2053.4,-0.008679473596612908,-0.008679473596612908,0.2875678172605376,-0.008679473596612908,0.026290112001397335,0.10956683780521687
2015-03-20,-1.2467668302175592,2108.1,0.026290112001397335,0.026290112001397335,-1.2467668302175592,0.026290112001397335,-0.02259576597580261,0.1271398058448094
2015-03-27,0.10362546759125033,2061.0,-0.02259576597580261,-0.02259576597580261,0.10362546759125033,-0.02259576597580261,0.0029069787913093108,0.13634473239493636
2015-04-03,0.3434926237087958,2067.0,0.0029069787913093108,0.0029069787913093108,0.3434926237087958,0.0029069787913093108,0.016838564362829524,0.14457815327918452
2015-04-10,0.2726278099094771,2102.1,0.016838564362829524,0.016838564362829524,0.2726278099094771,0.016838564362829524,-0.00999219462844948,0.12368279232449604
2015-04-17,-0.1932140541279161,2081.2,-0.00999219462844948,-0.00999219462844948,-0.1932140541279161,-0.00999219462844948,0.017385943653387716,0.106611834678191
2015-04-24,0.3423880826537659,2117.7,0.017385943653387716,0.017385943653387716,0.3423880826537659,0.017385943653387716,-0.004448658543588264,0.08941181571419038
2015-05-01,-0.32379561623895325,2108.3,-0.004448658543588264,-0.004448658543588264,-0.32379561623895325,-0.004448658543588264,0.0036928363147777725,0.09065970458195839
2015-05-08,0.3924071466657161,2116.1,0.0036928363147777725,0.0036928363147777725,0.3924071466657161,0.0036928363147777725,0.0031140914096726433,0.1092524852867722
2015-05-15,-0.23808003295021515,2122.7,0.0031140914096726433,0.0031140914096726433,-0.23808003295021515,0.0031140914096726433,0.001600452233921912,0.11352600161475024
2015-05-22,-0.3702835932348541,2126.1,0.001600452233921912,0.001600452233921912,-0.3702835932348541,0.001600452233921912,-0.008834355318892683,0.10029417884751854
2015-05-29,-0.8728550177665396,2107.4,-0.008834355318892683,-0.008834355318892683,-0.8728550177665396,-0.008834355318892683,-0.006952077902547671,0.1115670492185459
2015-06-05,0.42923778431528375,2092.8,-0.006952077902547671,-0.006952077902547671,0.42923778431528375,-0.006952077902547671,0.0006209845192268085,0.09269928165391726
2015-06-12,0.3853411730090819,2094.1,0.0006209845192268085,0.0006209845192268085,0.3853411730090819,0.0006209845192268085,0.007564080688005588,0.09346541595773124
2015-06-19,0.3552146095625046,2110.0,0.007564080688005588,0.007564080688005588,0.3552146095625046,0.007564080688005588,-0.004036572024940753,0.09706895063605979
2015-06-26,0.20827576792236102,2101.5,-0.004036572024940753,-0.004036572024940753,0.20827576792236102,-0.004036572024940753,-0.011823127935400492,0.09010380157963814
2015-07-03,0.3547203183204588,2076.8,-0.011823127935400492,-0.011823127935400492,0.3547203183204588,-0.011823127935400492,-9.630664041737394e-05,0.11686763612287843
2015-07-10,-0.6096538786559135,2076.6,-9.630664041737394e-05,-9.630664041737394e-05,-0.6096538786559135,-9.630664041737394e-05,0.02379251934763225,0.12873278832551457
2015-07-17,0.3429145696062509,2126.6,0.02379251934763225,0.02379251934763225,0.3429145696062509,0.02379251934763225,-0.022300807693110596,0.133417324987613
2015-07-24,-0.46748860171755,2079.7,-0.022300807693110596,-0.022300807693110596,-0.46748860171755,-0.022300807693110596,0.011521580781298687,0.13125334400148672
2015-07-31,0.3185113210257903,2103.8,0.011521580781298687,0.011521580781298687,0.3185113210257903,0.011521580781298687,-0.012531851956635177,0.11791652457150244
2015-08-07,0.1832175669690994,2077.6,-0.012531851956635177,-0.012531851956635177,0.1832175669690994,-0.012531851956635177,0.006668130533714502,0.10389059717857352
2015-08-14,0.3200426944751489,2091.5,0.006668130533714502,0.006668130533714502,0.3200426944751489,0.006668130533714502,-0.05939122068380439,0.09843509218077269
2015-08-21,0.24240906213428862,1970.9,-0.05939122068380439,-0.05939122068380439,0.24240906213428862,-0.05939122068380439,0.00909143087075209,0.16376668940566871
2015-08-28,0.17414540416411184,1988.9,0.00909143087075209,0.00909143087075209,0.17414540416411184,0.00909143087075209,-0.03463173127853146,0.26696246350111175
2015-09-04,0.04437649363496291,1921.2,-0.03463173127853146,-0.03463173127853146,0.04437649363496291,-0.03463173127853146,0.020504556405676853,0.2961907232860214
2015-09-11,0.25086441379151775,1961.0,0.020504556405676853,0.020504556405676853,0.25086441379151775,0.020504556405676853,-0.0015310031058905773,0.31125570760417526
2015-09-18,-0.6177849142477736,1958.0,-0.0015310031058905773,-0.0015310031058905773,-0.6177849142477736,-0.0015310031058905773,-0.01373019281190202,0.31959157323286047
2015-09-25,-0.2399893429090975,1931.3,-0.01373019281190202,-0.01373019281190202,-0.2399893429090975,-0.01373019281190202,0.010353712395296045,0.2158700649793355
2015-10-02,-1.1053160124943306,1951.4,0.010353712395296045,0.010353712395296045,-1.1053160124943306,0.010353712395296045,0.03202250268387073,0.19620493314440318
2015-10-09,0.1798034530703573,2014.9,0.03202250268387073,0.03202250268387073,0.1798034530703573,0.03202250268387073,0.00899215545245649,0.17429994095147083
2015-10-16,-1.838516649297761,2033.1,0.00899215545245649,0.00899215545245649,-1.838516649297761,0.00899215545245649,0.020495812752002362,0.17628350783116045
2015-10-23,-0.20095327841930083,2075.2,0.020495812752002362,0.020495812752002362,-0.20095327841930083,0.020495812752002362,0.0020218559816906393,0.16717443726718847
2015-10-30,-0.6909316829527951,2079.4,0.0020218559816906393,0.0020218559816906393,-0.6909316829527951,0.0020218559816906393,0.009476929205899912,0.12837959373581737
2015-11-06,0.4271938780761021,2099.2,0.009476929205899912,0.009476929205899912,0.4271938780761021,0.009476929205899912,-0.036974761582024396,0.1117092111243096
2015-11-13,-0.8683964553716719,2023.0,-0.036974761582024396,-0.036974761582024396,-0.8683964553716719,-0.036974761582024396,0.032199659394398165,0.1239134488855934
2015-11-20,0.25164125055534037,2089.2,0.032199659394398165,0.032199659394398165,0.25164125055534037,0.032199659394398165,0.00043069414203917997,0.13135972708355656
2015-11-27,-0.14492943856366813,2090.1,0.00043069414203917997,0.00043069414203917997,-0.14492943856366813,0.00043069414203917997,0.0007652207556912204,0.11872092681508123
2015-12-04,-0.01349861219823858,2091.7,0.0007652207556912204,0.0007652207556912204,-0.01349861219823858,0.0007652207556912204,-0.038649092842710654,0.15119475531949406
2015-12-11,0.5480354715075204,2012.4,-0.038649092842710654,-0.038649092842710654,0.5480354715075204,-0.038649092842710654,-0.003434633407055949,0.16650352254836318
2015-12-18,0.4499336676398869,2005.5,-0.003434633407055949,-0.003434633407055949,0.4499336676398869,-0.003434633407055949,0.0272978956803514,0.16896902316140952
2015-12-25,-0.07913815823580797,2061.0,0.0272978956803514,0.0272978956803514,-0.07913815823580797,0.0272978956803514,-0.008331554442726851,0.18099619918231785
2016-01-01,0.4817665533132449,2043.9,-0.008331554442726851,-0.008331554442726851,0.4817665533132449,-0.008331554442726851,-0.06149343691749437,0.18429110759307668
2016-01-08,0.5148148338396906,1922.0,-0.06149343691749437,-0.06149343691749437,0.5148148338396906,-0.061386680824088,-0.021934971968809003,0.18667602773295863
2016-01-15,0.16237166957967814,1880.3,-0.021934971968809003,-0.021934971968809003,0.16237166957967814,-0.021934971968809003,0.01404754827915245,0.21130459902055632
2016-01-22,-0.13452083687651958,1906.9,0.01404754827915245,0.01404754827915245,-0.13452083687651958,0.01404754827915245,0.01731217368660205,0.20873524545913527
2016-01-29,0.40880888677234734,1940.2,0.01731217368660205,0.01731217368660205,0.40880888677234734,0.01731217368660205,-0.031519283703188274,0.23099766600312235
2016-02-05,-0.12835865014095024,1880.0,-0.031519283703188274,-0.031519283703188274,-0.12835865014095024,-0.031519283703188274,-0.008117968102447559,0.23772330509813971
2016-02-12,-0.03905537171886421,1864.8,-0.008117968102447559,-0.008117968102447559,-0.03905537171886421,-0.008117968102447559,0.028024886998033512,0.2235484664828141
2016-02-19,0.47266790596853747,1917.8,0.028024886998033512,0.028024886998033512,0.47266790596853747,0.028024886998033512,0.015624509482899632,0.21291046002532965
2016-02-26,-0.4358280088784937,1948.0,0.015624509482899632,0.015624509482899632,-0.4358280088784937,0.015624509482899632,0.026343975339601852,0.1978968705658989
2016-03-04,-0.7489794739213669,2000.0,0.026343975339601852,0.026343975339601852,-0.7489794739213669,0.026343975339601852,0.011038847115216448,0.1851129031468034
2016-03-11,-0.23571717835691283,2022.2,0.011038847115216448,0.011038847115216448,-0.23571717835691283,0.011038847115216448,0.013458624485170982,0.1705519996846694
2016-03-18,0.4777167861966424,2049.6,0.013458624485170982,0.013458624485170982,0.4777167861966424,0.013458624485170982,-0.006706670591838346,0.13664478251874046
2016-03-25,0.5191577075542184,2035.9,-0.006706670591838346,-0.006706670591838346,0.5191577075542184,-0.006706670591838346,0.017962368697268954,0.12383259842307423
2016-04-01,-0.062217600090257216,2072.8,0.017962368697268954,0.017962368697268954,-0.062217600090257216,0.017962368697268954,-0.012231974664472154,0.08963846456219388
2016-04-08,0.43574930485375496,2047.6,-0.012231974664472154,-0.012231974664472154,0.43574930485375496,-0.012231974664472154,0.016035999957107784,0.1055320422425898
2016-04-15,-0.023866295457376695,2080.7,0.016035999957107784,0.016035999957107784,-0.023866295457376695,0.016035999957107784,0.005224947773439561,0.09985963141642214
2016-04-22,0.4262779239642788,2091.6,0.005224947773439561,0.005224947773439561,0.4262779239642788,0.005224947773439561,-0.01265382902037118,0.0981203379709523
2016-04-29,0.3983598348433054,2065.3,-0.01265382902037118,-0.01265382902037118,0.3983598348433054,-0.01265382902037118,-0.003978270335175931,0.10155952372575791
2016-05-06,-0.12170986434433688,2057.1,-0.003978270335175931,-0.003978270335175931,-0.12170986434433688,-0.003978270335175931,-0.00511734430577339,0.08612849394477504
2016-05-13,0.15715760356771608,2046.6,-0.00511734430577339,-0.00511734430577339,0.15715760356771608,-0.00511734430577339,0.0027812357824071325,0.09314056666660576
2016-05-20,-0.17708785679165237,2052.3,0.0027812357824071325,0.0027812357824071325,-0.17708785679165237,0.0027812357824071325,0.022547565984898554,0.10292897947538027
2016-05-27,-0.21511529972215654,2099.1,0.022547565984898554,0.022547565984898554,-0.21511529972215654,0.022547565984898554,0.0,0.11293225522453389
2016-06-03,-0.8933386568230767,2099.1,0.0,0.0,-0.8933386568230767,0.0,-0.001430206193446062,0.101304617703504
2016-06-10,-0.29675845007053236,2096.1,-0.001430206193446062,-0.001430206193446062,-0.29675845007053236,-0.001430206193446062,-0.01195032578918689,0.09369150096218659
2016-06-17,-1.2404839574871862,2071.2,-0.01195032578918689,-0.01195032578918689,-1.2404839574871862,-0.01195032578918689,-0.0164536642813618,0.08225900235578364
2016-06-24,-0.1515032828229488,2037.4,-0.0164536642813618,-0.0164536642813618,-0.1515032828229488,-0.0164536642813618,0.0316428592986924,0.14984427289060667
2016-07-01,0.34915514502517875,2102.9,0.0316428592986924,0.0316428592986924,0.34915514502517875,0.0316428592986924,0.012757685789896488,0.19117679501708
2016-07-08,0.5197292100043157,2129.9,0.012757685789896488,0.012757685789896488,0.5197292100043157,0.012757685789896488,0.014819918919452372,0.19950229740389977
2016-07-15,0.011932843096372547,2161.7,0.014819918919452372,0.014819918919452372,0.011932843096372547,0.014819918919452372,0.0061337153587774735,0.1944741779825392
2016-07-22,0.5419783110016342,2175.0,0.0061337153587774735,0.0061337153587774735,0.5419783110016342,0.0061337153587774735,-0.0006438854106465351,0.1943825091115863
2016-07-29,0.5059674118208137,2173.6,-0.0006438854106465351,-0.0006438854106465351,0.5059674118208137,-0.0006438854106465351,0.0042694888681789785,0.0826205327369128
2016-08-05,0.5015984310965954,2182.9,0.0042694888681789785,0.0042694888681789785,0.5015984310965954,0.0042694888681789785,0.000549576382048561,0.0747985380311108
2016-08-12,0.03819918297730677,2184.1,0.000549576382048561,0.000549576382048561,0.03819918297730677,0.000549576382048561,-9.157509163903867e-05,0.053824268111399114
2016-08-19,0.04774977939345924,2183.9,-9.157509163903867e-05,-9.157509163903867e-05,0.04774977939345924,-9.157509163903867e-05,-0.00684603744385212,0.054879334887865276
2016-08-26,-0.12115268474061654,2169.0,-0.00684603744385212,-0.00684603744385212,-0.12115268474061654,-0.00684603744385212,0.005058644956260298,0.05561100888003574
2016-09-02,0.3953830006941751,2180.0,0.005058644956260298,0.005058644956260298,0.3953830006941751,0.005058644956260298,-0.024236294700868997,0.05529516369574157
2016-09-09,0.4163396347706228,2127.8,-0.024236294700868997,-0.024236294700868997,0.4163396347706228,-0.024236294700868997,0.00534334526541292,0.09845087053020646
2016-09-16,-0.3336458430066536,2139.2,0.00534334526541292,0.00534334526541292,-0.3336458430066536,0.00534334526541292,0.01184985635813112,0.1260147406086688
2016-09-23,0.2582742391908512,2164.7,0.01184985635813112,0.01184985635813112,0.2582742391908512,0.01184985635813112,0.0016616666643623286,0.13432013653932268
2016-09-30,-0.4572731260464951,2168.3,0.0016616666643623286,0.0016616666643623286,-0.4572731260464951,0.0016616666643623286,-0.006756157119625091,0.14579113165461965
2016-10-07,0.3512222496326944,2153.7,-0.006756157119625091,-0.006756157119625091,0.3512222496326944,-0.006756157119625091,-0.00965785377919642,0.14689484450146026
2016-10-14,0.3134291597426654,2133.0,-0.00965785377919642,-0.00965785377919642,0.3134291597426654,-0.00965785377919642,0.003836980047875541,0.09754262680431104
2016-10-21,-1.0160500478133287,2141.2,0.003836980047875541,0.003836980047875541,-1.0160500478133287,0.003836980047875541,-0.006936010560245164,0.08866487963968134
2016-10-28,0.31506250623083965,2126.4,-0.006936010560245164,-0.006936010560245164,0.31506250623083965,-0.006936010560245164,-0.01956563506503013,0.07307345695128034
2016-11-04,-0.7020154719340975,2085.2,-0.01956563506503013,-0.01956563506503013,-0.7020154719340975,-0.01956563506503013,0.03727841287462947,0.06775948496257117
2016-11-11,-0.29016470095557667,2164.4,0.03727841287462947,0.03727841287462947,-0.29016470095557667,0.03727841287462947,0.00805287006002461,0.1027137023839329
2016-11-18,0.40332173040978914,2181.9,0.00805287006002461,0.00805287006002461,0.40332173040978914,0.00805287006002461,0.014288557619394675,0.10426682260949695
2016-11-25,0.4114164336415881,2213.3,0.014288557619394675,0.014288557619394675,0.4114164336415881,0.014288557619394675,-0.009715866858693342,0.1041542668951393
2016-12-02,0.3109243215167119,2191.9,-0.009715866858693342,-0.009715866858693342,0.3109243215167119,-0.009715866858693342,0.030374802262028235,0.09818315650930844
2016-12-09,0.4074813299180657,2259.5,0.030374802262028235,0.030374802262028235,0.4074813299180657,0.030374802262028235,-0.0006197981427384369,0.06938678946103159
2016-12-16,0.3919062080706249,2258.1,-0.0006197981427384369,-0.0006197981427384369,0.3919062080706249,-0.0006197981427384369,0.0025210654897239743,0.07709415499682906
2016-12-23,-0.06640217487367853,2263.8,0.0025210654897239743,0.0025210654897239743,-0.06640217487367853,0.0025210654897239743,-0.011104809181115312,0.07465893211433534
2016-12-30,0.366893135955552,2238.8,-0.011104809181115312,-0.011104809181115312,0.366893135955552,-0.011104809181115312,0.016918779046535087,0.07986032912673453
2017-01-06,0.5516708538617798,2277.0,0.016918779046535087,0.016918779046535087,0.5516708538617798,0.016918779046535087,-0.001054574313395493,0.08259841549491499
2017-01-13,0.3938197681953179,2274.6,-0.001054574313395493,-0.001054574313395493,0.3938197681953179,-0.001054574313395493,-0.0014518579729734262,0.06697467231133608
2017-01-20,-0.41093633683586256,2271.3,-0.0014518579729734262,-0.0014518579729734262,-0.41093633683586256,-0.0014518579729734262,0.010249761218559252,0.061861616482729115
2017-01-27,0.40048748369226805,2294.7,0.010249761218559252,0.010249761218559252,0.40048748369226805,0.010249761218559252,0.0011759327153739291,0.06957938289748869
2017-02-03,-0.21537840554510876,2297.4,0.0011759327153739291,0.0011759327153739291,-0.21537840554510876,0.0011759327153739291,0.008106687942362415,0.05906848138029701
2017-02-10,-0.5926985704738842,2316.1,0.008106687942362415,0.008106687942362415,-0.5926985704738842,0.008106687942362415,0.01504109945104122,0.0599319363731096
2017-02-17,0.44966011319070043,2351.2,0.01504109945104122,0.01504109945104122,0.44966011319070043,0.01504109945104122,0.006824229090391509,0.0583467623400939
2017-02-24,0.4102725610301676,2367.3,0.006824229090391509,0.006824229090391509,0.4102725610301676,0.006824229090391509,0.00665209593421924,0.05163655143668671
2017-03-03,-0.27927753725481275,2383.1,0.00665209593421924,0.00665209593421924,-0.27927753725481275,0.00665209593421924,-0.004415760902315485,0.06632694995365579
2017-03-10,0.274073669285168,2372.6,-0.004415760902315485,-0.004415760902315485,0.274073669285168,-0.004415760902315485,0.0023574987764755193,0.0680773802628553
2017-03-17,-0.10105959054893568,2378.2,0.0023574987764755193,0.0023574987764755193,-0.10105959054893568,0.0023574987764755193,-0.014485027306575088,0.06981683853880094
2017-03-24,0.4106459647738629,2344.0,-0.014485027306575088,-0.014485027306575088,0.4106459647738629,-0.014485027306575088,0.007946161172526462,0.08055503109320099
2017-03-31,0.4064928167566627,2362.7,0.007946161172526462,0.007946161172526462,0.4064928167566627,0.007946161172526462,-0.0030520137293339428,0.06672666015376798
2017-04-07,0.2922485446665273,2355.5,-0.0030520137293339428,-0.0030520137293339428,0.2922485446665273,-0.0030520137293339428,-0.011356966060351413,0.06618203677225802
2017-04-14,0.35492332261400406,2328.9,-0.011356966060351413,-0.011356966060351413,0.35492332261400406,-0.011356966060351413,0.008465930502233656,0.06069397312722529
2017-04-21,0.31079658962313783,2348.7,0.008465930502233656,0.008465930502233656,0.31079658962313783,0.008465930502233656,0.01500165470192306,0.06166724024106582
2017-04-28,0.2881675093592412,2384.2,0.01500165470192306,0.01500165470192306,0.2881675093592412,0.01500165470192306,0.006313389842474544,0.07086091055768225
2017-05-05,0.20077264852508625,2399.3,0.006313389842474544,0.006313389842474544,0.20077264852508625,0.006313389842474544,-0.003507164047487769,0.06932431870786358
2017-05-12,0.266836706179424,2390.9,-0.003507164047487769,-0.003507164047487769,0.266836706179424,-0.003507164047487769,-0.0038553456797105535,0.06821582373078844
2017-05-19,0.2615331105873141,2381.7,-0.0038553456797105535,-0.0038553456797105535,0.2615331105873141,-0.0038553456797105535,0.01421597677200071,0.08787593606215176
2017-05-26,0.25189083042966504,2415.8,0.01421597677200071,0.01421597677200071,0.25189083042966504,0.01421597677200071,0.009598623614252353,0.07981714796067092
2017-06-02,0.21291291575996996,2439.1,0.009598623614252353,0.009598623614252353,0.21291291575996996,0.009598623614252353,-0.0029973949231126037,0.08347352881353644
2017-06-09,-0.9493212046917326,2431.8,-0.0029973949231126037,-0.0029973949231126037,-0.9493212046917326,-0.0029973949231126037,0.0005755395842322177,0.08391617326006512
2017-06-16,0.17340584339711243,2433.2,0.0005755395842322177,0.0005755395842322177,0.17340584339711243,0.0005755395842322177,0.0020938117061357845,0.047771209578381595
2017-06-23,-0.505263706642361,2438.3,0.0020938117061357845,0.0020938117061357845,-0.505263706642361,0.0020938117061357845,-0.006129562355263841,0.054986652582603344
2017-06-30,0.2135280570422088,2423.4,-0.006129562355263841,-0.006129562355263841,0.2135280570422088,-0.006129562355263841,0.0007424824001532567,0.07010476540392598
2017-07-07,-1.0727983529415637,2425.2,0.0007424824001532567,0.0007424824001532567,-1.0727983529415637,0.0007424824001532567,0.013962761390461804,0.07940129171849011
2017-07-14,0.24655004861972615,2459.3,0.013962761390461804,0.013962761390461804,0.24655004861972615,0.013962761390461804,0.005353027908829712,0.08357107783962409
2017-07-21,0.006787816048342577,2472.5,0.005353027908829712,0.005353027908829712,0.006787816048342577,0.005353027908829712,-0.0001617926630557692,0.07583603946163338
2017-07-28,-0.6104051229493426,2472.1,-0.0001617926630557692,-0.0001617926630557692,-0.6104051229493426,-0.0001617926630557692,0.0018994125615965373,0.06413588430558319
2017-08-04,0.25269667511627725,2476.8,0.0018994125615965373,0.0018994125615965373,0.25269667511627725,0.0018994125615965373,-0.01443672010345454,0.047771209578381595
2017-08-11,0.25422097994122206,2441.3,-0.01443672010345454,-0.01443672010345454,0.25422097994122206,-0.01443672010345454,-0.006451767843901045,0.0615730034425307
2017-08-18,0.28107841712409903,2425.6,-0.006451767843901045,-0.006451767843901045,0.28107841712409903,-0.006451767843901045,0.007188808250699823,0.08544076948194838
2017-08-25,-0.45924586116126537,2443.1,0.007188808250699823,0.007188808250699823,-0.45924586116126537,0.007188808250699823,0.013618927082245965,0.09367877582224388
2017-09-01,0.1974062496466621,2476.6,0.013618927082245965,0.013618927082245965,0.1974062496466621,0.013618927082245965,-0.00615635804276186,0.09722072115278312
2017-09-08,0.2505483790833168,2461.4,-0.00615635804276186,-0.00615635804276186,0.2505483790833168,-0.00615635804276186,0.0156404349182263,0.10083761177801175
2017-09-15,0.3019672729764337,2500.2,0.0156404349182263,0.0156404349182263,0.3019672729764337,0.0156404349182263,0.0007996162268368961,0.08818851882293108
2017-09-22,0.21706246408581809,2502.2,0.0007996162268368961,0.0007996162268368961,0.21706246408581809,0.0007996162268368961,0.006850433034903021,0.056794981362726045
2017-09-29,-1.3188721036410476,2519.4,0.006850433034903021,0.006850433034903021,-1.3188721036410476,0.006850433034903021,0.0117980337456348,0.05728946478432184
2017-10-06,0.3374017346773,2549.3,0.0117980337456348,0.0117980337456348,0.3374017346773,0.0117980337456348,0.0015286627180647989,0.048386465444014815
2017-10-13,0.26632316330508227,2553.2,0.0015286627180647989,0.0015286627180647989,0.26632316330508227,0.0015286627180647989,0.008579726602696234,0.047771209578381595
2017-10-20,0.24031611933473865,2575.2,0.008579726602696234,0.008579726602696234,0.24031611933473865,0.008579726602696234,0.0022884636560676383,0.047771209578381595
2017-10-27,0.2027500807805011,2581.1,0.0022884636560676383,0.0022884636560676383,0.2027500807805011,0.0022884636560676383,0.0025924292411865293,0.04798281806041721
2017-11-03,0.2387424376405724,2587.8,0.0025924292411865293,0.0025924292411865293,0.2387424376405724,0.0025924292411865293,-0.002127619223909245,0.047771209578381595
2017-11-10,0.2653526277607233,2582.3,-0.002127619223909245,-0.002127619223909245,0.2653526277607233,-0.002127619223909245,-0.0013563002214781877,0.047771209578381595
2017-11-17,0.03367116317272885,2578.8,-0.0013563002214781877,-0.0013563002214781877,0.03367116317272885,-0.0013563002214781877,0.009109921722676525,0.05973098471728747
2017-11-24,0.28163657568868666,2602.4,0.009109921722676525,0.009109921722676525,0.28163657568868666,0.009109921722676525,0.01517780728511193,0.05652400667688725
2017-12-01,-0.042992288461514205,2642.2,0.01517780728511193,0.01517780728511193,-0.042992288461514205,0.01517780728511193,0.003513614132930984,0.06420819674750894
2017-12-08,0.25074103436140943,2651.5,0.003513614132930984,0.003513614132930984,0.25074103436140943,0.003513614132930984,0.00912288346233441,0.06849617873775948
2017-12-15,0.23945769002425715,2675.8,0.00912288346233441,0.00912288346233441,0.23945769002425715,0.00912288346233441,0.0027989792675738013,0.06792143138159809
2017-12-22,0.2012780850806351,2683.3,0.0027989792675738013,0.0027989792675738013,0.2012780850806351,0.0027989792675738013,-0.003621501465963571,0.06421968008942575
2017-12-29,0.2535365011928072,2673.6,-0.003621501465963571,-0.003621501465963571,0.2535365011928072,-0.003621501465963571,0.025699243307581214,0.06090371142123979
2018-01-05,0.5779708692422587,2743.2,0.025699243307581214,0.025699243307581214,0.5779708692422587,0.025699243307581214,0.015553538123414007,0.06286031293589146
2018-01-12,0.3111886473488098,2786.2,0.015553538123414007,0.015553538123414007,0.3111886473488098,0.015553538123414007,0.008612578922892989,0.06659022219159043
2018-01-19,0.03944702280141347,2810.3,0.008612578922892989,0.008612578922892989,0.03944702280141347,0.008612578922892989,0.022030733356363554,0.06677705029803932
2018-01-26,0.10618118551835128,2872.9,0.022030733356363554,0.022030733356363554,0.10618118551835128,0.022030733356363554,-0.03933071258947115,0.07174987786875754
2018-02-02,0.4376818321019174,2762.1,-0.03933071258947115,-0.03933071258947115,0.4376818321019174,-0.03933071258947115,-0.052969625618011364,0.11820673467273357
2018-02-09,-0.46601865509977086,2619.6,-0.052969625618011364,-0.052969625618011364,-0.46601865509977086,-0.052969625618011364,0.04208551110948831,0.24345508268586755
2018-02-16,0.46406857756083053,2732.2,0.04208551110948831,0.04208551110948831,0.46406857756083053,0.04208551110948831,0.005511465726228488,0.25368333221506206
2018-02-23,0.29028417106945315,2747.3,0.005511465726228488,0.005511465726228488,0.29028417106945315,0.005511465726228488,-0.020631420400986394,0.2587601115864066
2018-03-02,0.3484341291585814,2691.2,-0.020631420400986394,-0.020631420400986394,0.3484341291585814,-0.020631420400986394,0.034835023900862516,0.26509094019015816
2018-03-09,0.3691928728508535,2786.6,0.034835023900862516,0.034835023900862516,0.3691928728508535,0.034835023900862516,-0.012494294626257015,0.2107801690244276
2018-03-16,0.3463660774194897,2752.0,-0.012494294626257015,-0.012494294626257015,0.3463660774194897,-0.012494294626257015,-0.06132663052154691,0.14184746516484273
2018-03-23,-0.3238625678035968,2588.3,-0.06132663052154691,-0.06132663052154691,-0.3238625678035968,-0.06132663052154691,0.020118478603282704,0.1817481212462287
2018-03-30,0.36947705909349093,2640.9,0.020118478603282704,0.020118478603282704,0.36947705909349093,0.020118478603282704,-0.013879049949723981,0.20138509058505558
2018-04-06,0.3406771116013035,2604.5,-0.013879049949723981,-0.013879049949723981,0.3406771116013035,-0.013879049949723981,0.019693458839732208,0.22888502864644816
2018-04-13,0.11255801521848201,2656.3,0.019693458839732208,0.019693458839732208,0.11255801521848201,0.019693458839732208,0.005181747851484497,0.2301064840728661
2018-04-20,0.28098931199393956,2670.1,0.005181747851484497,0.005181747851484497,0.28098931199393956,0.005181747851484497,-7.490636707615179e-05,0.23326768234393055
2018-04-27,0.24631184772856454,2669.9,-7.490636707615179e-05,-7.490636707615179e-05,0.24631184772856454,-7.490636707615179e-05,-0.002437516441342045,0.17626687091048623
2018-05-04,0.1525670540364895,2663.4,-0.002437516441342045,-0.002437516441342045,0.1525670540364895,-0.002437516441342045,0.02385526117360321,0.14866954599419216
2018-05-11,-1.447890034875646,2727.7,0.02385526117360321,0.02385526117360321,-1.447890034875646,0.02385526117360321,-0.005403729582716083,0.11491516406550527
2018-05-18,0.2809327390544726,2713.0,-0.005403729582716083,-0.005403729582716083,0.2809327390544726,-0.005403729582716083,0.0030546736300763586,0.1079321733712935
2018-05-25,0.25463786774674485,2721.3,0.0030546736300763586,0.0030546736300763586,0.25463786774674485,0.0030546736300763586,0.004875465585972985,0.08884797451897658
2018-06-01,0.25372944086825844,2734.6,0.004875465585972985,0.004875465585972985,0.25372944086825844,0.004875465585972985,0.01610597786752236,0.10714917648709328
2018-06-08,0.23496928190948996,2779.0,0.01610597786752236,0.01610597786752236,0.23496928190948996,0.01610597786752236,0.00025185745001535264,0.09816092943597211
2018-06-15,0.24286339441309432,2779.7,0.00025185745001535264,0.00025185745001535264,0.24286339441309432,0.00025185745001535264,-0.008961863904932726,0.09111366784433977
2018-06-22,0.2321587464501762,2754.9,-0.008961863904932726,-0.008961863904932726,0.2321587464501762,-0.008961863904932726,-0.013337672369918677,0.09131833088421691
2018-06-29,0.20062078364775798,2718.4,-0.013337672369918677,-0.013337672369918677,0.20062078364775798,-0.013337672369918677,0.015114741399786517,0.08856925921481773
2018-07-06,0.2023408264146581,2759.8,0.015114741399786517,0.015114741399786517,0.2023408264146581,0.015114741399786517,0.014925381812863715,0.0864052233822376
2018-07-13,0.19805139542169498,2801.3,0.014925381812863715,0.014925381812863715,0.19805139542169498,0.014925381812863715,0.00017847263169572022,0.098891894207186
2018-07-20,0.1987434008982848,2801.8,0.00017847263169572022,0.00017847263169572022,0.1987434008982848,0.00017847263169572022,0.006049194690853903,0.09913952774320438
2018-07-27,-0.06997344065988668,2818.8,0.006049194690853903,0.006049194690853903,-0.06997344065988668,0.006049194690853903,0.007598417926344016,0.0828628458641194
2018-08-03,-0.20757163661828906,2840.3,0.007598417926344016,0.007598417926344016,-0.20757163661828906,0.007598417926344016,-0.0024675703440002693,0.08133553005077628
2018-08-10,-0.0651141948115194,2833.3,-0.0024675703440002693,-0.0024675703440002693,-0.0651141948115194,-0.0024675703440002693,0.005911971331223674,0.06826481794201596
2018-08-17,-0.04070850921628426,2850.1,0.005911971331223674,0.005911971331223674,-0.04070850921628426,0.005911971331223674,0.008594239594315838,0.0805493540914259
2018-08-24,-1.1495011434651181,2874.7,0.008594239594315838,0.008594239594315838,-1.1495011434651181,0.008594239594315838,0.009279523669912259,0.0754592734206415
2018-08-31,0.2618635820380152,2901.5,0.009279523669912259,0.009279523669912259,0.2618635820380152,0.009279523669912259,-0.010323655743054756,0.07212678150151444
2018-09-07,0.2217880760822559,2871.7,-0.010323655743054756,-0.010323655743054756,0.2217880760822559,-0.010323655743054756,0.011529201398403507,0.07366692200862936
2018-09-14,0.24697597449861836,2905.0,0.011529201398403507,0.011529201398403507,0.24697597449861836,0.011529201398403507,0.008466638404483473,0.05783142916202752
2018-09-21,0.24872211197076588,2929.7,0.008466638404483473,0.008466638404483473,0.24872211197076588,0.008466638404483473,-0.0053733209353449204,0.06374619499782823
2018-09-28,0.13778092601251227,2914.0,-0.0053733209353449204,-0.0053733209353449204,0.13778092601251227,-0.0053733209353449204,-0.009793857165820936,0.05610451182882646
2018-10-05,-0.7535599059643152,2885.6,-0.009793857165820936,-0.009793857165820936,-0.7535599059643152,-0.009793857165820936,-0.041933010231376106,0.06326772716847004
2018-10-12,-1.1065979493840639,2767.1,-0.041933010231376106,-0.041933010231376106,-1.1065979493840639,-0.041933010231376106,0.00025294043387678194,0.15488363498782393
2018-10-19,0.2896972816309435,2767.8,0.00025294043387678194,0.00025294043387678194,0.2896972816309435,0.00025294043387678194,-0.040215499284022065,0.1750903101367026
2018-10-26,0.2388100705816528,2658.7,-0.040215499284022065,-0.040215499284022065,0.2388100705816528,-0.040215499284022065,0.02393365569288345,0.2198193576645682
2018-11-02,0.2641996301057966,2723.1,0.02393365569288345,0.02393365569288345,0.2641996301057966,0.02393365569288345,0.021039638033273682,0.23851531967000072
2018-11-09,-1.177046926266564,2781.0,0.021039638033273682,0.021039638033273682,-1.177046926266564,0.021039638033273682,-0.016203932379742353,0.21627887259200404
2018-11-16,0.1654304303929091,2736.3,-0.016203932379742353,-0.016203932379742353,0.1654304303929091,-0.016203932379742353,-0.03863469186291515,0.20697601973818539
2018-11-23,-0.6456853530959407,2632.6,-0.03863469186291515,-0.03863469186291515,-0.6456853530959407,-0.03863469186291515,0.047331189862632336,0.19571014919564794
2018-11-30,0.2119591310386837,2760.2,0.047331189862632336,0.047331189862632336,0.2119591310386837,0.047331189862632336,-0.04714128158775799,0.18830273534103187
2018-12-07,0.29084036713477307,2633.1,-0.04714128158775799,-0.04714128158775799,0.29084036713477307,-0.04714128158775799,-0.012688876534733549,0.23191982749639112
2018-12-14,0.2917161435135052,2599.9,-0.012688876534733549,-0.012688876534733549,0.2917161435135052,-0.012688876534733549,-0.07311138913824021,0.217053510531878
2018-12-21,0.30067515648020393,2416.6,-0.07311138913824021,-0.07311138913824021,0.30067515648020393,-0.061386680824088,0.02819271641114767,0.22556018349931464
2018-12-28,0.1224346596005544,2485.7,0.02819271641114767,0.02819271641114767,0.1224346596005544,0.02819271641114767,0.01841569900901027,0.2972647970512929
2019-01-04,0.3311015716856448,2531.9,0.01841569900901027,0.01841569900901027,0.3311015716856448,0.01841569900901027,0.025117345537492813,0.3169474519186127
2019-01-11,,2596.3,0.025117345537492813,0.025117345537492813,,0.025117345537492813,0.028253255766933057,0.2958577715065787
2019-01-18,,2670.7,0.028253255766933057,0.028253255766933057,,0.028253255766933057,-0.0022116024383215193,0.2836092464888379
2019-01-25,,2664.8,-0.0022116024383215193,-0.0022116024383215193,,-0.0022116024383215193,0.015527279357562656,0.2339792814286114
2019-02-01,-1.1023676724925526,2706.5,0.015527279357562656,0.015527279357562656,-1.1023676724925526,0.015527279357562656,0.0005171394914304541,0.1847338551699101
2019-02-08,-0.7149589904361761,2707.9,0.0005171394914304541,0.0005171394914304541,-0.7149589904361761,0.0005171394914304541,0.024693513296930616,0.11840269280683194
2019-02-15,-0.14356707188352374,2775.6,0.024693513296930616,0.024693513296930616,-0.14356707188352374,0.024693513296930616,0.00614192976516007,0.12190931707518057
2019-02-22,-0.5127085855202611,2792.7,0.00614192976516007,0.00614192976516007,-0.5127085855202611,0.00614192976516007,0.003931103625821531,0.1013543751485653
2019-03-01,0.13400412005668785,2803.7,0.003931103625821531,0.003931103625821531,0.13400412005668785,0.003931103625821531,-0.021851305708731266,0.08353895042771182
2019-03-08,-0.26287620145284085,2743.1,-0.021851305708731266,-0.021851305708731266,-0.26287620145284085,-0.021851305708731266,0.02853434931617276,0.0892557139857069
2019-03-15,0.3631071069796695,2822.5,0.02853434931617276,0.02853434931617276,0.3631071069796695,0.02853434931617276,-0.007753631105314521,0.08948109947930857
2019-03-22,-0.26844764674876276,2800.7,-0.007753631105314521,-0.007753631105314521,-0.26844764674876276,-0.007753631105314521,0.011960888632759764,0.11366930276396359
2019-03-29,0.38040954619117373,2834.4,0.011960888632759764,0.011960888632759764,0.38040954619117373,0.011960888632759764,0.020360047465016923,0.11744499458557382
2019-04-05,0.3616344060728351,2892.7,0.020360047465016923,0.020360047465016923,0.3616344060728351,0.020360047465016923,0.005068888975945278,0.11084719888181979
2019-04-12,-0.2921683726169827,2907.4,0.005068888975945278,0.005068888975945278,-0.2921683726169827,0.005068888975945278,-0.0008258207062129642,0.10423226064815881
2019-04-19,0.11024999119905524,2905.0,-0.0008258207062129642,-0.0008258207062129642,0.11024999119905524,-0.0008258207062129642,0.01194217686279777,0.10304975796724185
2019-04-26,0.3593784330765363,2939.9,0.01194217686279777,0.01194217686279777,0.3593784330765363,0.01194217686279777,0.0019369643300040293,0.06386563507998351
2019-05-03,0.34876384721817527,2945.6,0.0019369643300040293,0.0019369643300040293,0.34876384721817527,0.0019369643300040293,-0.02203624435144072,0.06725462034950828
2019-05-10,0.062146954448116076,2881.4,-0.02203624435144072,-0.02203624435144072,0.062146954448116076,-0.02203624435144072,-0.007629502772001789,0.08942080669038818
2019-05-17,0.3419001647442571,2859.5,-0.007629502772001789,-0.007629502772001789,0.3419001647442571,-0.007629502772001789,-0.011749115032781962,0.131958013208558
2019-05-24,0.27998561277168427,2826.1,-0.011749115032781962,-0.011749115032781962,0.27998561277168427,-0.011749115032781962,-0.026533412720232758,0.1383853596856483
2019-05-31,0.2738282467052636,2752.1,-0.026533412720232758,-0.026533412720232758,0.2738282467052636,-0.026533412720232758,0.0430969383919074,0.1429992027755643
2019-06-07,0.11694428296866892,2873.3,0.0430969383919074,0.0430969383919074,0.11694428296866892,0.0430969383919074,0.004756705668671565,0.16157438066754062
2019-06-14,0.24680935570231782,2887.0,0.004756705668671565,0.004756705668671565,0.24680935570231782,0.004756705668671565,0.02175674683428839,0.13248816791851661
2019-06-21,-0.21010557557108012,2950.5,0.02175674683428839,0.02175674683428839,-0.21010557557108012,0.02175674683428839,-0.00295300861198082,0.12827608509570984
2019-06-28,0.07288403676042318,2941.8,-0.00295300861198082,-0.00295300861198082,0.07288403676042318,-0.00295300861198082,0.016385518816055832,0.11737839543794487
2019-07-05,0.2834472891204627,2990.4,0.016385518816055832,0.016385518816055832,0.2834472891204627,0.016385518816055832,0.007794583282755735,0.07969885865558272
2019-07-12,-1.0578309258062057,3013.8,0.007794583282755735,0.007794583282755735,-1.0578309258062057,0.007794583282755735,-0.01242003144899586,0.07594309149794476
2019-07-19,-1.586838054385549,2976.6,-0.01242003144899586,-0.01242003144899586,-1.586838054385549,-0.01242003144899586,0.01642685834054544,0.08138344182799424
2019-07-26,-0.38532658099589856,3025.9,0.01642685834054544,0.01642685834054544,-0.38532658099589856,0.01642685834054544,-0.031489678038666646,0.07485940232518307
2019-08-02,0.3354998629592871,2932.1,-0.031489678038666646,-0.031489678038666646,0.3354998629592871,-0.031489678038666646,-0.004580578187445439,0.08563676350046093
2019-08-09,0.2803721047127993,2918.7,-0.004580578187445439,-0.004580578187445439,0.2803721047127993,-0.004580578187445439,-0.010331737735143733,0.1582552159170507
2019-08-16,0.3102960017563208,2888.7,-0.010331737735143733,-0.010331737735143733,0.3102960017563208,-0.010331737735143733,-0.014505641560509031,0.20471642850898636
2019-08-23,-0.2682984331557642,2847.1,-0.014505641560509031,-0.014505641560509031,-0.2682984331557642,-0.014505641560509031,0.027506237377436692,0.22660643887676268
2019-08-30,-0.12176580208277091,2926.5,0.027506237377436692,0.027506237377436692,-0.12176580208277091,0.027506237377436692,0.017679793976382516,0.23208500735457036
2019-09-06,0.33957286650182505,2978.7,0.017679793976382516,0.017679793976382516,0.33957286650182505,0.017679793976382516,0.009588954380561699,0.20769321842785485
2019-09-13,0.35647354040761997,3007.4,0.009588954380561699,0.009588954380561699,0.35647354040761997,0.009588954380561699,-0.0051004360924768255,0.14838269148023456
2019-09-20,0.3204515078870633,2992.1,-0.0051004360924768255,-0.0051004360924768255,0.3204515078870633,-0.0051004360924768255,-0.01017829039233986,0.13426704100351117
2019-09-27,0.30493357314537983,2961.8,-0.01017829039233986,-0.01017829039233986,0.30493357314537983,-0.01017829039233986,-0.0033142848830399387,0.09433872623910619
2019-10-04,-0.380671148624262,2952.0,-0.0033142848830399387,-0.0033142848830399387,-0.380671148624262,-0.0033142848830399387,0.00618005107621568,0.11271576993094698
2019-10-11,0.027398565660343877,2970.3,0.00618005107621568,0.00618005107621568,0.027398565660343877,0.00618005107621568,0.0053387182959847125,0.1351375547404783
2019-10-18,-0.3972114892520463,2986.2,0.0053387182959847125,0.0053387182959847125,-0.3972114892520463,0.0053387182959847125,0.012115712043456833,0.14042365660703246
2019-10-25,-0.5834119355901982,3022.6,0.012115712043456833,0.012115712043456833,-0.5834119355901982,0.012115712043456833,0.014549891295057899,0.1377069287914612
2019-11-01,0.32742742820756593,3066.9,0.014549891295057899,0.014549891295057899,0.32742742820756593,0.014549891295057899,0.008506544801512094,0.10849426802922574
2019-11-08,0.308917455062534,3093.1,0.008506544801512094,0.008506544801512094,0.308917455062534,0.008506544801512094,0.008819421141507357,0.06923873886602912
2019-11-15,-0.23507812664839223,3120.5,0.008819421141507357,0.008819421141507357,-0.23507812664839223,0.008819421141507357,-0.0032740608305679327,0.0579256410436735
2019-11-22,0.2944823527670461,3110.3,-0.0032740608305679327,-0.0032740608305679327,0.2944823527670461,-0.0032740608305679327,0.009822035995116735,0.0535341029371527
2019-11-29,0.2965417819598541,3141.0,0.009822035995116735,0.009822035995116735,0.2965417819598541,0.009822035995116735,0.0015587971789557094,0.058265246369673146
2019-12-06,-0.5410027243952572,3145.9,0.0015587971789557094,0.0015587971789557094,-0.5410027243952572,0.0015587971789557094,0.007252949590104765,0.07253335186206926
2019-12-13,0.28914309510744873,3168.8,0.007252949590104765,0.007252949590104765,0.28914309510744873,0.007252949590104765,0.0164009936136828,0.0782458371866821
2019-12-20,0.3369517914754876,3221.2,0.0164009936136828,0.0164009936136828,0.3369517914754876,0.0164009936136828,0.005819368864985309,0.07721381726792048
2019-12-27,0.04900032196935276,3240.0,0.005819368864985309,0.005819368864985309,0.04900032196935276,0.005819368864985309,-0.0016062275647079573,0.07497907094890344
2020-01-03,0.18582444715656127,3234.8,-0.0016062275647079573,-0.0016062275647079573,0.18582444715656127,-0.0016062275647079573,0.009384539881912431,0.07150653001191046
2020-01-10,0.058383140154108094,3265.3,0.009384539881912431,0.009384539881912431,0.058383140154108094,0.009384539881912431,0.01950053453579024,0.06915713960170171
2020-01-17,-0.23814704506304377,3329.6,0.01950053453579024,0.01950053453579024,-0.23814704506304377,0.01950053453579024,-0.01029427514659535,0.06950824188839089
2020-01-24,0.4704977209462195,3295.5,-0.01029427514659535,-0.01029427514659535,0.4704977209462195,-0.01029427514659535,-0.021469924520478172,0.07857988288456978
2020-01-31,0.14256402016222924,3225.5,-0.021469924520478172,-0.021469924520478172,0.14256402016222924,-0.021469924520478172,0.03119339767479819,0.11916235112878003
2020-02-07,0.2527419660235687,3327.7,0.03119339767479819,0.03119339767479819,0.2527419660235687,0.03119339767479819,0.0156535046770331,0.1317642347617255
2020-02-14,-0.6625724028721994,3380.2,0.0156535046770331,0.0156535046770331,-0.6625724028721994,0.0156535046770331,-0.012622972014825014,0.13111499729632017
2020-02-21,0.2090219373548149,3337.8,-0.012622972014825014,-0.012622972014825014,0.2090219373548149,-0.012622972014825014,-0.12208402070280328,0.13582995903013492
2020-02-28,-0.6545683649913295,2954.2,-0.12208402070280328,-0.12208402070280328,-0.6545683649913295,-0.061386680824088,0.006141820676814973,0.24487200271902096
2020-03-06,0.2187729597040488,2972.4,0.006141820676814973,0.006141820676814973,0.2187729597040488,0.006141820676814973,-0.09205213678464864,0.35377648218514496
2020-03-13,0.16442360848132753,2711.0,-0.09205213678464864,-0.09205213678464864,0.16442360848132753,-0.061386680824088,-0.1622802789569665,0.5274326757771887
2020-03-20,0.17273486448376243,2304.9,-0.1622802789569665,-0.1622802789569665,0.17273486448376243,-0.061386680824088,0.09771716634525825,0.5274326757771887
2020-03-27,0.22110687512201435,2541.5,0.09771716634525825,0.09771716634525825,0.22110687512201435,0.05818046545206537,-0.02099397211719684,0.5274326757771887
2020-04-03,-1.4822065665714983,2488.7,-0.02099397211719684,-0.02099397211719684,-1.4822065665714983,-0.02099397211719684,0.11420942288837455,0.5274326757771887
2020-04-10,-0.5759674384878644,2789.8,0.11420942288837455,0.11420942288837455,-0.5759674384878644,0.05818046545206537,0.029943625458996433,0.5274326757771887
2020-04-17,0.3264611977003552,2874.6,0.029943625458996433,0.029943625458996433,0.3264611977003552,0.029943625458996433,-0.01327212940554631,0.5274326757771887
2020-04-24,0.3260864436911438,2836.7,-0.01327212940554631,-0.01327212940554631,0.3260864436911438,-0.01327212940554631,-0.0021173738369043415,0.47985783691963513
2020-05-01,0.33900242323910723,2830.7,-0.0021173738369043415,-0.0021173738369043415,0.33900242323910723,-0.0021173738369043415,0.03441013042098882,0.38680587494497026
2020-05-08,0.08740305373666908,2929.8,0.03441013042098882,0.03441013042098882,0.08740305373666908,0.03441013042098882,-0.02281966630500351,0.2892457939349153
2020-05-15,-0.6212979750961208,2863.7,-0.02281966630500351,-0.02281966630500351,-0.6212979750961208,-0.02281966630500351,0.03151951047886752,0.2737199195422617
2020-05-22,-0.5763381604095967,2955.4,0.03151951047886752,0.03151951047886752,-0.5763381604095967,0.03151951047886752,0.029636984189372544,0.24416767229711073
2020-05-29,0.38631612692255224,3044.3,0.029636984189372544,0.029636984189372544,0.38631612692255224,0.029636984189372544,0.04797175092210437,0.22699159632240062
2020-06-05,0.37638597267239476,3193.9,0.04797175092210437,0.04797175092210437,0.37638597267239476,0.04797175092210437,-0.048957685010120836,0.20779387787252632
2020-06-12,0.35025216770012296,3041.3,-0.048957685010120836,-0.048957685010120836,0.35025216770012296,-0.048957685010120836,0.018374845048132842,0.2909489418764566
2020-06-19,0.3711562313469356,3097.7,0.018374845048132842,0.018374845048132842,0.3711562313469356,0.018374845048132842,-0.029018869908766114,0.27222283947624104
2020-06-26,0.1351229555185386,3009.1,-0.029018869908766114,-0.029018869908766114,0.1351229555185386,-0.029018869908766114,0.03939197382394269,0.2968323633251021
2020-07-03,0.2927363131070836,3130.0,0.03939197382394269,0.03939197382394269,0.2927363131070836,0.03939197382394269,0.01741928447206488,0.3011593742784765
2020-07-10,-0.39125706567395385,3185.0,0.01741928447206488,0.01741928447206488,-0.39125706567395385,0.01741928447206488,0.012387633640863802,0.29379080625950577
2020-07-17,0.2970535426478433,3224.7,0.012387633640863802,0.012387633640863802,0.2970535426478433,0.012387633640863802,-0.0028259571933217085,0.1900868817363558
2020-07-24,-0.728918819442016,3215.6,-0.0028259571933217085,-0.0028259571933217085,-0.728918819442016,-0.0028259571933217085,0.01711235430788811,0.17065926809165122
2020-07-31,-0.3717262174973821,3271.1,0.01711235430788811,0.01711235430788811,-0.3717262174973821,0.01711235430788811,0.0242220104832186,0.1356994711649154
2020-08-07,0.24019549517096353,3351.3,0.0242220104832186,0.0242220104832186,0.24019549517096353,0.0242220104832186,0.00639492966207622,0.11572132487239857
2020-08-14,0.3420466411240347,3372.8,0.00639492966207622,0.00639492966207622,0.3420466411240347,0.00639492966207622,0.007208302998865589,0.10850597279898525
2020-08-21,0.26949538923948635,3397.2,0.007208302998865589,0.007208302998865589,0.26949538923948635,0.007208302998865589,0.03209451158621958,0.09507355787090434
2020-08-28,-0.5970500644713709,3508.0,0.03209451158621958,0.03209451158621958,-0.5970500644713709,0.03209451158621958,-0.023360831617464804,0.07975275907255071
2020-09-04,-0.451614209480187,3427.0,-0.023360831617464804,-0.023360831617464804,-0.451614209480187,-0.023360831617464804,-0.025415079517852334,0.16641423478268144
2020-09-11,0.3209257150276989,3341.0,-0.025415079517852334,-0.025415079517852334,0.3209257150276989,-0.025415079517852334,-0.006455994197542471,0.20878388617610547
2020-09-18,-0.3830477845127995,3319.5,-0.006455994197542471,-0.006455994197542471,-0.3830477845127995,-0.006455994197542471,-0.006346349496288487,0.219463720521287
2020-09-25,0.3454041814351011,3298.5,-0.006346349496288487,-0.006346349496288487,0.3454041814351011,-0.006346349496288487,0.015014800122975878,0.23932801435468776
2020-10-02,-0.17831223639177582,3348.4,0.015014800122975878,0.015014800122975878,-0.17831223639177582,0.015014800122975878,0.03771599323404114,0.24053157160753166
2020-10-09,0.3488837539514787,3477.1,0.03771599323404114,0.03771599323404114,0.3488837539514787,0.03771599323404114,0.0019250390234188926,0.18887291403260878
2020-10-16,-0.5033153977988934,3483.8,0.0019250390234188926,0.0019250390234188926,-0.5033153977988934,0.0019250390234188926,-0.005295585966615006,0.19165691123614817
2020-10-23,0.2796670075062401,3465.4,-0.005295585966615006,-0.005295585966615006,0.2796670075062401,-0.005295585966615006,-0.058038081185447246,0.16490280177794847
2020-10-30,0.3424445071346939,3270.0,-0.058038081185447246,-0.058038081185447246,0.3424445071346939,-0.058038081185447246,0.07065509778573599,0.21372822774951164
2020-11-06,-0.0678984048331444,3509.4,0.07065509778573599,0.07065509778573599,-0.0678984048331444,0.05818046545206537,0.02136917780617152,0.22449604455213673
2020-11-13,0.20934634502155366,3585.2,0.02136917780617152,0.02136917780617152,0.20934634502155366,0.02136917780617152,-0.007756209519199171,0.2252677739114816
2020-11-20,0.3504680023125381,3557.5,-0.007756209519199171,-0.007756209519199171,0.3504680023125381,-0.007756209519199171,0.022458488605881614,0.2260111974358241
2020-11-27,0.20774402452019147,3638.3,0.022458488605881614,0.022458488605881614,0.20774402452019147,0.022458488605881614,0.016573007230747734,0.16606478494871918
2020-12-04,-0.5568686453017443,3699.1,0.016573007230747734,0.016573007230747734,-0.5568686453017443,0.016573007230747734,-0.009670572200618023,0.13681850932162085
2020-12-11,0.3308784260908307,3663.5,-0.009670572200618023,-0.009670572200618023,0.3308784260908307,-0.009670572200618023,0.012451163855167962,0.1235093065504323
2020-12-18,0.3055911542666061,3709.4,0.012451163855167962,0.012451163855167962,0.3055911542666061,0.012451163855167962,-0.00169983177523095,0.10195046736391637
2020-12-25,-1.1158591958028794,3703.1,-0.00169983177523095,-0.00169983177523095,-1.1158591958028794,-0.00169983177523095,0.014210878361941317,0.08419663072643883
2021-01-01,-1.3647453140960948,3756.1,0.014210878361941317,0.014210878361941317,-1.3647453140960948,0.014210878361941317,0.018098847770289275,0.08074476149215344
2021-01-08,0.5044970402987105,3824.7,0.018098847770289275,0.018098847770289275,0.5044970402987105,0.018098847770289275,-0.014882598968286075,0.10971834259335607
2021-01-15,0.11521509270880628,3768.2,-0.014882598968286075,-0.014882598968286075,0.11521509270880628,-0.014882598968286075,0.019265481463789487,0.10359082673405766
2021-01-22,0.4927405278482763,3841.5,0.019265481463789487,0.019265481463789487,0.4927405278482763,0.019265481463789487,-0.033699603548737134,0.1122782891542563
2021-01-29,0.396955894112496,3714.2,-0.033699603548737134,-0.033699603548737134,0.396955894112496,-0.033699603548737134,0.045422885206331386,0.1642347467360798
2021-02-05,-0.15092457673113122,3886.8,0.045422885206331386,0.045422885206331386,-0.15092457673113122,0.045422885206331386,0.012273857673319056,0.1705741517310413
2021-02-12,0.34073549949989423,3934.8,0.012273857673319056,0.012273857673319056,0.34073549949989423,0.012273857673319056,-0.007167026788901761,0.16292655167397188
2021-02-19,0.19949802038904757,3906.7,-0.007167026788901761,-0.007167026788901761,0.19949802038904757,-0.007167026788901761,-0.024748927688720196,0.15254683670618954
2021-02-26,-0.7103294443435161,3811.2,-0.024748927688720196,-0.024748927688720196,-0.7103294443435161,-0.024748927688720196,0.008022935718424646,0.15752685971523922
2021-03-05,0.4125444572570573,3841.9,0.008022935718424646,0.008022935718424646,0.4125444572570573,0.008022935718424646,0.026050900303813525,0.1740981583012415
2021-03-12,-0.05410851588701587,3943.3,0.026050900303813525,0.026050900303813525,-0.05410851588701587,0.026050900303813525,-0.007688037459842209,0.18050957096208112
2021-03-19,0.4142037267137004,3913.1,-0.007688037459842209,-0.007688037459842209,0.4142037267137004,-0.007688037459842209,0.015569055289790378,0.18844838021552146
2021-03-26,0.4026680675055349,3974.5,0.015569055289790378,0.015569055289790378,0.4026680675055349,0.015569055289790378,0.011358072668605395,0.17328017472177862
2021-04-02,-0.27003188584355825,4019.9,0.011358072668605395,0.011358072668605395,-0.27003188584355825,0.011358072668605395,0.026729781152744714,0.14520559269672043
2021-04-09,-0.37027257238626127,4128.8,0.026729781152744714,0.026729781152744714,-0.37027257238626127,0.026729781152744714,0.013639363265593547,0.11823525384236837
2021-04-16,0.36419309330919647,4185.5,0.013639363265593547,0.013639363265593547,0.36419309330919647,0.013639363265593547,-0.00126707883598287,0.11983288207958996
2021-04-23,0.3618988687174325,4180.2,-0.00126707883598287,-0.00126707883598287,0.3618988687174325,-0.00126707883598287,0.00023919439442388903,0.11365252598218674
2021-04-30,0.341807114478106,4181.2,0.00023919439442388903,0.00023919439442388903,0.341807114478106,0.00023919439442388903,0.012218174767801251,0.10809959269109654
2021-05-07,0.26259967239772014,4232.6,0.012218174767801251,0.012218174767801251,0.26259967239772014,0.012218174767801251,-0.013965610910412716,0.101016272039433
2021-05-14,0.28399790902814404,4173.9,-0.013965610910412716,-0.013965610910412716,0.28399790902814404,-0.013965610910412716,-0.004321839183997786,0.1452737427168907
2021-05-21,-0.41094913938001926,4155.9,-0.004321839183997786,-0.004321839183997786,-0.41094913938001926,-0.004321839183997786,0.011531228251643655,0.1425742311014033
2021-05-28,0.22731555482916166,4204.1,0.011531228251643655,0.011531228251643655,0.22731555482916166,0.011531228251643655,0.006118112515353501,0.13994063684388078
2021-06-04,0.28528426337193624,4229.9,0.006118112515353501,0.006118112515353501,0.28528426337193624,0.006118112515353501,0.004128678909258365,0.13891204926272538
2021-06-11,-0.5431083434795114,4247.4,0.004128678909258365,0.004128678909258365,-0.5431083434795114,0.004128678909258365,-0.019254677434003192,0.09396625438966044
2021-06-18,0.2644922301432354,4166.4,-0.019254677434003192,-0.019254677434003192,0.2644922301432354,-0.019254677434003192,0.0270641940304439,0.08283447330517542
2021-06-25,0.08485682828766003,4280.7,0.0270641940304439,0.0270641940304439,0.08485682828766003,0.0270641940304439,0.01658789337884199,0.08565413033653511
2021-07-02,0.27543004244683555,4352.3,0.01658789337884199,0.01658789337884199,0.27543004244683555,0.01658789337884199,0.003967030735959406,0.0875003568145831
2021-07-09,0.27907508389616664,4369.6,0.003967030735959406,0.003967030735959406,0.27907508389616664,0.003967030735959406,-0.009750790162223466,0.09721196683783621
2021-07-16,-0.5570365278366353,4327.2,-0.009750790162223466,-0.009750790162223466,-0.5570365278366353,-0.009750790162223466,0.01936208787301436,0.10113142594668749
2021-07-23,-0.5980865014727088,4411.8,0.01936208787301436,0.01936208787301436,-0.5980865014727088,0.01936208787301436,-0.0037469812548545883,0.11369036173770933
2021-07-30,-0.4731330226330055,4395.3,-0.0037469812548545883,-0.0037469812548545883,-0.4731330226330055,-0.0037469812548545883,0.009329989100015385,0.11762164048837603
2021-08-06,0.15304973172954808,4436.5,0.009329989100015385,0.009329989100015385,0.15304973172954808,0.009329989100015385,0.007075103913698872,0.11482869068757708
2021-08-13,-0.3546581003917271,4468.0,0.007075103913698872,0.007075103913698872,-0.3546581003917271,0.007075103913698872,-0.005903695160884342,0.10696112978744933
2021-08-20,-0.2961088333516051,4441.7,-0.005903695160884342,-0.005903695160884342,-0.2961088333516051,-0.005903695160884342,0.015126920924204638,0.0834694191260229
2021-08-27,-0.44351949854326866,4509.4,0.015126920924204638,0.015126920924204638,-0.44351949854326866,0.015126920924204638,0.005749175573774366,0.08620472319685654
2021-09-03,0.3744682744934579,4535.4,0.005749175573774366,0.005749175573774366,0.3744682744934579,0.005749175573774366,-0.01707846713470732,0.07570169993271388
2021-09-10,0.34023790063943005,4458.6,-0.01707846713470732,-0.01707846713470732,0.34023790063943005,-0.01707846713470732,-0.005758259646425132,0.08440265863112617
2021-09-17,-0.32205419495757753,4433.0,-0.005758259646425132,-0.005758259646425132,-0.32205419495757753,-0.005758259646425132,0.005062732307721002,0.08501177685210054
2021-09-24,0.3966248425794394,4455.5,0.005062732307721002,0.005062732307721002,0.3966248425794394,0.005062732307721002,-0.02235554093533241,0.1098369888564958
2021-10-01,0.36990786457216884,4357.0,-0.02235554093533241,-0.02235554093533241,0.36990786457216884,-0.02235554093533241,0.007841563677304722,0.13613129368279614
2021-10-08,0.18674173908887015,4391.3,0.007841563677304722,0.007841563677304722,0.18674173908887015,0.007841563677304722,0.0180762478814119,0.1522212138199517
2021-10-15,0.39220693656677585,4471.4,0.0180762478814119,0.0180762478814119,0.39220693656677585,0.0180762478814119,0.016304166493148507,0.16253530257723434
2021-10-22,0.34369302826649295,4544.9,0.016304166493148507,0.016304166493148507,0.34369302826649295,0.016304166493148507,0.013223802854211672,0.1397725783051504
2021-10-29,0.3372638786363154,4605.4,0.013223802854211672,0.013223802854211672,0.3372638786363154,0.013223802854211672,0.019800924264101506,0.10825313105888477
2021-11-05,0.23410549981217604,4697.5,0.019800924264101506,0.019800924264101506,0.23410549981217604,0.019800924264101506,-0.0031128761650880466,0.08195077314054472
2021-11-12,0.13630015679340926,4682.9,-0.0031128761650880466,-0.0031128761650880466,0.13630015679340926,-0.0031128761650880466,0.003219310096325689,0.06926669067885424
2021-11-19,0.2715510434915388,4698.0,0.003219310096325689,0.003219310096325689,0.2715510434915388,0.003219310096325689,-0.022255185360787466,0.06742083916986238
2021-11-26,0.25940421101473465,4594.6,-0.022255185360787466,-0.022255185360787466,0.25940421101473465,-0.022255185360787466,-0.01230717384571326,0.10651002521362385
2021-12-03,0.21519376168803359,4538.4,-0.01230717384571326,-0.01230717384571326,0.21519376168803359,-0.01230717384571326,0.03753791931906524,0.144829755751581
2021-12-10,-0.8855389422131148,4712.0,0.03753791931906524,0.03753791931906524,-0.8855389422131148,0.03753791931906524,-0.019587879558163174,0.16968341323866992
2021-12-17,0.22031398471072103,4620.6,-0.019587879558163174,-0.019587879558163174,0.22031398471072103,-0.019587879558163174,0.02251229199220811,0.1877765292925724
2021-12-24,0.1587993074087205,4725.8,0.02251229199220811,0.02251229199220811,0.1587993074087205,0.02251229199220811,0.008512482923795986,0.2058319452166394
2021-12-31,0.21514042474782222,4766.2,0.008512482923795986,0.008512482923795986,0.21514042474782222,0.008512482923795986,-0.018892462963377418,0.1671064780888175
2022-01-07,-1.0521987423133685,4677.0,-0.018892462963377418,-0.018892462963377418,-1.0521987423133685,-0.018892462963377418,-0.003019306568924301,0.15720014825746703
2022-01-14,-0.6665820630286212,4662.9,-0.003019306568924301,-0.003019306568924301,-0.6665820630286212,-0.003019306568924301,-0.0585104179087625,0.14686554085475423
2022-01-21,-0.12660417932043294,4397.9,-0.0585104179087625,-0.0585104179087625,-0.12660417932043294,-0.0585104179087625,0.007701231747472597,0.1535575353582454
2022-01-28,0.24916996835448607,4431.9,0.007701231747472597,0.007701231747472597,0.24916996835448607,0.007701231747472597,0.01536011570146795,0.1650266205330063
2022-02-04,0.3767219981805615,4500.5,0.01536011570146795,0.01536011570146795,0.3767219981805615,0.01536011570146795,-0.01835654528007893,0.19589139772344005
2022-02-11,0.30139898243394847,4418.64,-0.01835654528007893,-0.01835654528007893,0.30139898243394847,-0.01835654528007893,-0.015915915195374414,0.2188631534258466
2022-02-18,0.0669017447040604,4348.87,-0.015915915195374414,-0.015915915195374414,0.0669017447040604,-0.015915915195374414,0.008193763839142623,0.22376290061050041
2022-02-25,0.2609623922716181,4384.65,0.008193763839142623,0.008193763839142623,0.2609623922716181,0.008193763839142623,-0.012803267099789142,0.24202873551498522
2022-03-04,-0.00994373338431671,4328.87,-0.012803267099789142,-0.012803267099789142,-0.00994373338431671,-0.012803267099789142,-0.02919634838689788,0.22667127137257587
2022-03-11,0.30229527004125367,4204.31,-0.02919634838689788,-0.02919634838689788,0.30229527004125367,-0.02919634838689788,0.05973788343732887,0.2442107960717643
2022-03-18,0.31043863763076285,4463.12,0.05973788343732887,0.05973788343732887,0.31043863763076285,0.05818046545206537,0.017752720792570106,0.2611452794613012
2022-03-25,-0.6832624312937361,4543.06,0.017752720792570106,0.017752720792570106,-0.6832624312937361,0.017752720792570106,0.0006161348297878712,0.24029594598365756
2022-04-01,-0.7333707702066155,4545.86,0.0006161348297878712,0.0006161348297878712,-0.7333707702066155,0.0006161348297878712,-0.012747373785583766,0.2259742285881121
2022-04-08,0.3188457428492087,4488.28,-0.012747373785583766,-0.012747373785583766,0.3188457428492087,-0.012747373785583766,-0.021550524526210618,0.18344817848135953
2022-04-15,0.22867019104405517,4392.59,-0.021550524526210618,-0.021550524526210618,0.22867019104405517,-0.021550524526210618,-0.027888428135418863,0.16679574584814527
2022-04-22,0.16400890801618911,4271.78,-0.027888428135418863,-0.027888428135418863,0.16400890801618911,-0.027888428135418863,-0.03328599203927917,0.188777322532039
2022-04-29,0.27045026682292944,4131.93,-0.03328599203927917,-0.03328599203927917,0.27045026682292944,-0.03328599203927917,-0.0020810956153450634,0.24354895071040653
2022-05-06,0.21637354191874492,4123.34,-0.0020810956153450634,-0.0020810956153450634,0.21637354191874492,-0.0020810956153450634,-0.02441441811014675,0.28886947013411485
2022-05-13,0.2973660452285668,4023.89,-0.02441441811014675,-0.02441441811014675,0.2973660452285668,-0.02441441811014675,-0.030923886143361452,0.3160439153457514
2022-05-20,-0.7950543401188712,3901.36,-0.030923886143361452,-0.030923886143361452,-0.7950543401188712,-0.030923886143361452,0.06376669753145632,0.34147544875944646
2022-05-27,0.33263666308369644,4158.24,0.06376669753145632,0.06376669753145632,0.33263666308369644,0.05818046545206537,-0.012024173572740582,0.3389767010892619
2022-06-03,0.208137638396608,4108.54,-0.012024173572740582,-0.012024173572740582,0.208137638396608,-0.012024173572740582,-0.051870692608326927,0.3069826090695346
2022-06-10,0.2944396094374472,3900.86,-0.051870692608326927,-0.051870692608326927,0.2944396094374472,-0.051870692608326927,-0.059687447344681885,0.2873441678946525
2022-06-17,0.2925745442139244,3674.84,-0.059687447344681885,-0.059687447344681885,0.2925745442139244,-0.059687447344681885,0.062472693494120636,0.2875924272820026
2022-06-24,0.22713532621244126,3911.74,0.062472693494120636,0.062472693494120636,0.22713532621244126,0.05818046545206537,-0.022337549729302363,0.3156995795956331
2022-07-01,0.1945432952555346,3825.33,-0.022337549729302363,-0.022337549729302363,0.1945432952555346,-0.022337549729302363,0.019172828071991926,0.2995901968691745
2022-07-08,0.2107800901413029,3899.38,0.019172828071991926,0.019172828071991926,0.2107800901413029,0.019172828071991926,-0.009332064725854666,0.2902401041257135
2022-07-15,0.011302516841391252,3863.16,-0.009332064725854666,-0.009332064725854666,0.011302516841391252,-0.009332064725854666,0.025170055324303307,0.23263583918046643
2022-07-22,-0.9682131230002538,3961.63,0.025170055324303307,0.025170055324303307,-0.9682131230002538,0.025170055324303307,0.04169206568814191,0.20567501113641393
2022-07-29,-0.6049024268696239,4130.29,0.04169206568814191,0.04169206568814191,-0.6049024268696239,0.04169206568814191,0.0036010034707275366,0.19189695468169907
2022-08-05,0.2370079731522372,4145.19,0.0036010034707275366,0.0036010034707275366,0.2370079731522372,0.0036010034707275366,0.03203942981237315,0.1916608061534513
2022-08-12,0.2658974527444628,4280.15,0.03203942981237315,0.03203942981237315,0.2658974527444628,0.03203942981237315,-0.01214546528922597,0.19095374418700567
2022-08-19,-0.5803893732913792,4228.48,-0.01214546528922597,-0.01214546528922597,-0.5803893732913792,-0.01214546528922597,-0.04123613764169557,0.17348370675168467
2022-08-26,0.23914113183258434,4057.66,-0.04123613764169557,-0.04123613764169557,0.23914113183258434,-0.04123613764169557,-0.03342865435007206,0.20549211775939416
2022-09-02,0.22447136497114775,3924.26,-0.03342865435007206,-0.03342865435007206,0.22447136497114775,-0.03342865435007206,0.035816341914742665,0.19642694701067853
2022-09-09,0.2276330078925967,4067.36,0.035816341914742665,0.035816341914742665,0.2276330078925967,0.035816341914742665,-0.048879538172216935,0.20425231784752415
2022-09-16,0.2489025580672822,3873.33,-0.048879538172216935,-0.048879538172216935,0.2489025580672822,-0.048879538172216935,-0.04761318824981041,0.2458304546273944
2022-09-23,0.1704896601852277,3693.23,-0.04761318824981041,-0.04761318824981041,0.1704896601852277,-0.04761318824981041,-0.029570012004283937,0.24660801041380956
2022-09-30,0.23881464470997593,3585.62,-0.029570012004283937,-0.029570012004283937,0.23881464470997593,-0.029570012004283937,0.0149588687765822,0.23998521728348712
2022-10-07,0.255131852316581,3639.66,0.0149588687765822,0.0149588687765822,0.255131852316581,0.0149588687765822,-0.015670295859508774,0.28731698663189664
2022-10-14,0.2395010268362664,3583.07,-0.015670295859508774,-0.015670295859508774,0.2395010268362664,-0.015670295859508774,0.04626892972508202,0.26446314420541
2022-10-21,-0.6377136672143492,3752.75,0.04626892972508202,0.04626892972508202,-0.6377136672143492,0.04626892972508202,0.03875940651971226,0.29204988779187635
2022-10-28,0.19509870610039373,3901.06,0.03875940651971226,0.03875940651971226,0.19509870610039373,0.03875940651971226,-0.03402743166448301,0.28342915816565706
2022-11-04,-0.7816180539148487,3770.55,-0.03402743166448301,-0.03402743166448301,-0.7816180539148487,-0.03402743166448301,0.0573044178353546,0.2682253335623412
2022-11-11,-0.8136712170304172,3992.93,0.0573044178353546,0.0573044178353546,-0.8136712170304172,0.0573044178353546,-0.006933695523010699,0.30449102852242216
2022-11-18,0.20881291919964143,3965.34,-0.006933695523010699,-0.006933695523010699,0.20881291919964143,-0.006933695523010699,0.015211531306994793,0.2787273229212384
2022-11-25,-0.3451541725349577,4026.12,0.015211531306994793,0.015211531306994793,-0.3451541725349577,0.015211531306994793,0.011257469631118192,0.2648919758519624
2022-12-02,0.28900847396386153,4071.7,0.011257469631118192,0.011257469631118192,0.28900847396386153,0.011257469631118192,-0.034307293564186395,0.25638915583967054
2022-12-09,-0.7096881070750435,3934.38,-0.034307293564186395,-0.034307293564186395,-0.7096881070750435,-0.034307293564186395,-0.02106736158676545,0.2559424675951854
2022-12-16,0.24901673509289796,3852.36,-0.02106736158676545,-0.02106736158676545,0.24901673509289796,-0.02106736158676545,-0.0019591596953003466,0.19789266317000126
2022-12-23,0.25493441225221225,3844.82,-0.0019591596953003466,-0.0019591596953003466,0.25493441225221225,-0.0019591596953003466,-0.0013846380291212801,0.20465232637624522
2022-12-30,0.12682654452964187,3839.5,-0.0013846380291212801,-0.0013846380291212801,0.12682654452964187,-0.0013846380291212801,0.014372068476084757,0.17908871545118374
2023-01-06,-1.1545431027085455,3895.08,0.014372068476084757,0.014372068476084757,-1.1545431027085455,0.014372068476084757,0.026352616973294204,0.191019826218168
2023-01-13,0.08867433774129689,3999.09,0.026352616973294204,0.026352616973294204,0.08867433774129689,0.026352616973294204,-0.006643525821174627,0.18692045823616213
2023-01-20,-0.15861927547073962,3972.61,-0.006643525821174627,-0.006643525821174627,-0.15861927547073962,-0.006643525821174627,0.02435727271050035,0.17669693730205077
2023-01-27,0.5109449643805012,4070.56,0.02435727271050035,0.02435727271050035,0.5109449643805012,0.02435727271050035,0.016064602503806622,0.1649752417665869
2023-02-03,0.44811147098822585,4136.48,0.016064602503806622,0.016064602503806622,0.44811147098822585,0.016064602503806622,-0.011187751462822216,0.17331917178429726
2023-02-10,0.35310058319104354,4090.46,-0.011187751462822216,-0.011187751462822216,0.35310058319104354,-0.011187751462822216,-0.0027835088447110932,0.16387190210419889
2023-02-17,0.3545488082971434,4079.09,-0.0027835088447110932,-0.0027835088447110932,0.3545488082971434,-0.0027835088447110932,-0.027097754108347697,0.16181705410656078
2023-02-24,-0.4525034554347267,3970.04,-0.027097754108347697,-0.027097754108347697,-0.4525034554347267,-0.027097754108347697,0.018863587804617388,0.1676451860918897
2023-03-03,-0.48916529525031616,4045.64,0.018863587804617388,0.018863587804617388,-0.48916529525031616,0.018863587804617388,-0.04656074225908149,0.15716255724090034
2023-03-10,0.4250926549373333,3861.59,-0.04656074225908149,-0.04656074225908149,0.4250926549373333,-0.04656074225908149,0.014155127627614563,0.15606733359810196
2023-03-17,-0.16980600725034162,3916.64,0.014155127627614563,0.014155127627614563,-0.16980600725034162,0.014155127627614563,0.0137812905003356,0.17737148280402842
2023-03-24,-0.18330150797496114,3970.99,0.0137812905003356,0.0137812905003356,-0.18330150797496114,0.0137812905003356,0.03423969731392303,0.1798916355926187
2023-03-31,-0.16226557369608757,4109.31,0.03423969731392303,0.03423969731392303,-0.16226557369608757,0.03423969731392303,-0.0010445162027913513,0.18642839579845272
2023-04-07,0.4235015728066662,4105.02,-0.0010445162027913513,-0.0010445162027913513,0.4235015728066662,-0.0010445162027913513,0.007914961989024472,0.17162484945960607
2023-04-14,0.37200144998056,4137.64,0.007914961989024472,0.007914961989024472,0.37200144998056,0.007914961989024472,-0.0009962327752700074,0.13812265683923156
2023-04-21,0.3845880223704426,4133.52,-0.0009962327752700074,-0.0009962327752700074,0.3845880223704426,-0.0009962327752700074,0.008661983581716604,0.09263251239545005
2023-04-28,0.3545260200522207,4169.48,0.008661983581716604,0.008661983581716604,0.3545260200522207,0.008661983581716604,-0.008001747541495659,0.1231755118888888
2023-05-05,0.3514439439102579,4136.25,-0.008001747541495659,-0.008001747541495659,0.3514439439102579,-0.008001747541495659,-0.0029466156450275427,0.13913667171936592
2023-05-12,0.31924746144530375,4124.08,-0.0029466156450275427,-0.0029466156450275427,0.31924746144530375,-0.0029466156450275427,0.0163302114063361,0.13201394194221167
2023-05-19,-0.259880413262376,4191.98,0.0163302114063361,0.0163302114063361,-0.259880413262376,0.0163302114063361,0.003208127141960858,0.14208194251863468
2023-05-26,0.36728912644231015,4205.45,0.003208127141960858,0.003208127141960858,0.36728912644231015,0.003208127141960858,0.018125291498019485,0.13181505394768916
2023-06-02,0.32372135917728967,4282.37,0.018125291498019485,0.018125291498019485,0.32372135917728967,0.018125291498019485,0.0038432766159400243,0.13194626455646558
2023-06-09,0.16735528069977681,4298.86,0.0038432766159400243,0.0038432766159400243,0.16735528069977681,0.0038432766159400243,0.025431843344272283,0.11483392687728307
2023-06-16,-0.656292338452308,4409.59,0.025431843344272283,0.025431843344272283,-0.656292338452308,0.025431843344272283,-0.013989851272130333,0.11516327070093019
2023-06-23,0.3030740675365385,4348.33,-0.013989851272130333,-0.013989851272130333,0.3030740675365385,-0.013989851272130333,0.023197622447723505,0.11294833474264755
2023-06-30,0.24119132688949269,4450.38,0.023197622447723505,0.023197622447723505,0.24119132688949269,0.023197622447723505,-0.011623609708387798,0.1074814602294885
2023-07-07,-0.9434987383729703,4398.95,-0.011623609708387798,-0.011623609708387798,-0.9434987383729703,-0.011623609708387798,0.02391524037701544,0.1024802583519408
2023-07-14,0.12660246439437,4505.42,0.02391524037701544,0.02391524037701544,0.12660246439437,0.02391524037701544,0.006839403065279734,0.10113893173449415
2023-07-21,-0.5033434608901792,4536.34,0.006839403065279734,0.006839403065279734,-0.5033434608901792,0.006839403065279734,0.010065259667596053,0.09342002875839729
2023-07-28,0.2816266662796922,4582.23,0.010065259667596053,0.010065259667596053,0.2816266662796922,0.010065259667596053,-0.02300256161877679,0.08708607378043694
2023-08-04,-0.42619395737262167,4478.03,-0.02300256161877679,-0.02300256161877679,-0.42619395737262167,-0.02300256161877679,-0.003126791840377456,0.09340946805971437
2023-08-11,0.185430506826543,4464.05,-0.003126791840377456,-0.003126791840377456,0.185430506826543,-0.003126791840377456,-0.02135978038371894,0.09139794950559854
2023-08-18,0.28099082665287706,4369.71,-0.02135978038371894,-0.02135978038371894,0.28099082665287706,-0.02135978038371894,0.008204781527287172,0.09850670893091545
2023-08-25,0.19214662639511293,4405.71,0.008204781527287172,0.008204781527287172,0.19214662639511293,0.008204781527287172,0.024674288087169333,0.11944864781953214
2023-09-01,-0.4250958896381773,4515.77,0.024674288087169333,0.024674288087169333,-0.4250958896381773,0.024674288087169333,-0.01298988762120686,0.11950894597510932
2023-09-08,-0.33467361417969954,4457.49,-0.01298988762120686,-0.01298988762120686,-0.33467361417969954,-0.01298988762120686,-0.0016098236375586405,0.11425252336094999
2023-09-15,-0.3884059281090861,4450.32,-0.0016098236375586405,-0.0016098236375586405,-0.3884059281090861,-0.0016098236375586405,-0.029706712656641997,0.11792865298907507
2023-09-22,0.3099480369210081,4320.06,-0.029706712656641997,-0.029706712656641997,0.3099480369210081,-0.029706712656641997,-0.007437206900178579,0.12363374237684667
2023-09-29,0.35187651160406375,4288.05,-0.007437206900178579,-0.007437206900178579,0.35187651160406375,-0.007437206900178579,0.004757731549404774,0.10701372689109544
2023-10-06,0.3061530836723786,4308.5,0.004757731549404774,0.004757731549404774,0.3061530836723786,0.004757731549404774,0.004464892761540558,0.12791446830451297
2023-10-13,0.33261894912287715,4327.78,0.004464892761540558,0.004464892761540558,0.33261894912287715,0.004464892761540558,-0.024234283984769046,0.12650599844709734
2023-10-20,-0.13223945915084614,4224.16,-0.024234283984769046,-0.024234283984769046,-0.13223945915084614,-0.024234283984769046,-0.025605814459384018,0.12927773797350522
2023-10-27,0.31026186242130666,4117.37,-0.025605814459384018,-0.025605814459384018,0.31026186242130666,-0.025605814459384018,0.05687664090334639,0.13369222716955587
2023-11-03,-0.5045870176948408,4358.34,0.05687664090334639,0.05687664090334639,-0.5045870176948408,0.05687664090334639,0.012970941795946735,0.15659774271543903
2023-11-10,0.3205999819632698,4415.24,0.012970941795946735,0.012970941795946735,0.3205999819632698,0.012970941795946735,0.02212591633133202,0.15943363162950788
2023-11-17,0.2791661225907951,4514.02,0.02212591633133202,0.02212591633133202,0.2791661225907951,0.02212591633133202,0.009989767163104797,0.1532164915671467
2023-11-24,0.15847459492649224,4559.34,0.009989767163104797,0.009989767163104797,0.15847459492649224,0.009989767163104797,0.007710354049898102,0.12824030234423253
2023-12-01,0.3180700581437984,4594.63,0.007710354049898102,0.007710354049898102,0.3180700581437984,0.007710354049898102,0.002117622271937392,0.10860685641511938
2023-12-08,-0.5205805445220821,4604.37,0.002117622271937392,0.002117622271937392,-0.5205805445220821,0.002117622271937392,0.024631322170624935,0.10087330541389478
2023-12-15,0.21409276800627972,4719.19,0.024631322170624935,0.024631322170624935,0.21409276800627972,0.024631322170624935,0.007481705439914485,0.06915268703270241
2023-12-22,0.21798984302214483,4754.63,0.007481705439914485,0.007481705439914485,0.21798984302214483,0.007481705439914485,0.003191784710975985,0.09402623422092367
2023-12-29,0.2599816375554657,4769.83,0.003191784710975985,0.003191784710975985,0.2599816375554657,0.003191784710975985,-0.015335562668134734,0.09420753117101972
2024-01-05,0.7601619947724736,4697.24,-0.015335562668134734,-0.015335562668134734,0.7601619947724736,-0.015335562668134734,0.018266378715868357,0.1007808038803339
2024-01-12,-0.27203690245444423,4783.83,0.018266378715868357,0.018266378715868357,-0.27203690245444423,0.018266378715868357,0.011633982859762063,0.10659053181956789
2024-01-19,-1.0431724644866263,4839.81,0.011633982859762063,0.011633982859762063,-1.0431724644866263,0.011633982859762063,0.010515184063773563,0.11137356317736007
2024-01-26,-0.22946788874359236,4890.97,0.010515184063773563,0.010515184063773563,-0.22946788874359236,0.010515184063773563,0.01373481170282096,0.08984226717185041
2024-02-02,-0.06723840193384126,4958.61,0.01373481170282096,0.01373481170282096,-0.06723840193384126,0.01373481170282096,0.013620341112364927,0.11321563683492353
2024-02-09,-0.05810150880739334,5026.61,0.013620341112364927,0.013620341112364927,-0.05810150880739334,0.013620341112364927,-0.004194508242069255,0.10660600580030395
2024-02-16,0.39489528420429265,5005.57,-0.004194508242069255,-0.004194508242069255,0.39489528420429265,-0.004194508242069255,0.016490753985918604,0.1194992250796212
2024-02-23,0.40786764297701644,5088.8,0.016490753985918604,0.016490753985918604,0.40786764297701644,0.016490753985918604,0.009442778273215388,0.13524492979852445
2024-03-01,0.4033846885247043,5137.08,0.009442778273215388,0.009442778273215388,0.4033846885247043,0.009442778273215388,-0.002609942061040329,0.120098147292398
2024-03-08,0.37749651130060713,5123.69,-0.002609942061040329,-0.002609942061040329,0.37749651130060713,-0.002609942061040329,-0.0012889644956313416,0.12332465037963487
2024-03-15,0.3512396383488349,5117.09,-0.0012889644956313416,-0.0012889644956313416,0.3512396383488349,-0.0012889644956313416,0.02262427594111255,0.11653133976075677
2024-03-22,0.0012567647963109385,5234.18,0.02262427594111255,0.02262427594111255,0.0012567647963109385,0.02262427594111255,0.003846110916179418,0.09357708650665622
2024-03-29,0.33618429848778075,5254.35,0.003846110916179418,0.003846110916179418,0.33618429848778075,0.003846110916179418,-0.00956341208204454,0.09688222436456868
2024-04-05,-0.37992276555113236,5204.34,-0.00956341208204454,-0.00956341208204454,-0.37992276555113236,-0.00956341208204454,-0.01567265988781149,0.1063988066855607
2024-04-12,0.3360577545019465,5123.41,-0.01567265988781149,-0.01567265988781149,0.3360577545019465,-0.01567265988781149,-0.030957892316223156,0.11216020467261999
2024-04-19,0.297864664483233,4967.23,-0.030957892316223156,-0.030957892316223156,0.297864664483233,-0.030957892316223156,0.026370355892053658,0.10916930766783102
2024-04-26,0.06002824302063934,5099.96,0.026370355892053658,0.026370355892053658,0.06002824302063934,0.026370355892053658,0.005442070579494518,0.12629797367991222
2024-05-03,0.23295369938860971,5127.79,0.005442070579494518,0.005442070579494518,0.23295369938860971,0.005442070579494518,0.018335912964669254,0.14211082461805136
2024-05-10,0.21296984398094723,5222.68,0.018335912964669254,0.018335912964669254,0.21296984398094723,0.018335912964669254,0.015312931329113242,0.13604885417684107
2024-05-17,0.17318713828995055,5303.27,0.015312931329113242,0.015312931329113242,0.17318713828995055,0.015312931329113242,0.00027337884161483746,0.11654233837897242
2024-05-24,0.12885485901303048,5304.72,0.00027337884161483746,0.00027337884161483746,0.12885485901303048,0.00027337884161483746,-0.005142594702045587,0.10746313668952809
2024-05-31,-0.2484018085387899,5277.51,-0.005142594702045587,-0.005142594702045587,-0.2484018085387899,-0.005142594702045587,0.013079390182138832,0.09329024690396776
2024-06-07,0.15755411409820771,5346.99,0.013079390182138832,0.013079390182138832,0.15755411409820771,0.013079390182138832,0.01569996408525012,0.08442811934356968
2024-06-14,0.06987161311320755,5431.6,0.01569996408525012,0.01569996408525012,0.06987161311320755,0.01569996408525012,0.006060835974113174,0.07840727524984724
2024-06-21,-1.1451251391811237,5464.62,0.006060835974113174,0.006060835974113174,-1.1451251391811237,0.006060835974113174,-0.0007578878359311989,0.08250143780764944
2024-06-28,0.09461529173236398,5460.48,-0.0007578878359311989,-0.0007578878359311989,0.09461529173236398,-0.0007578878359311989,0.019353740331114096,0.07019073450551822
2024-07-05,-1.1409343059531307,5567.19,0.019353740331114096,0.019353740331114096,-1.1409343059531307,0.019353740331114096,0.008613480972494184,0.06421081450509358
2024-07-12,0.2571654957271938,5615.35,0.008613480972494184,0.008613480972494184,0.2571654957271938,0.008613480972494184,-0.01984714910964965,0.07255693686607827
2024-07-19,0.2612322972040301,5505.0,-0.01984714910964965,-0.01984714910964965,0.2612322972040301,-0.01984714910964965,-0.008372829169473591,0.09553613868966498
2024-07-26,0.10308790646358248,5459.1,-0.008372829169473591,-0.008372829169473591,0.10308790646358248,-0.008372829169473591,-0.020830577558605547,0.13759707232575577
2024-08-02,0.2536000855999553,5346.56,-0.020830577558605547,-0.020830577558605547,0.2536000855999553,-0.020830577558605547,-0.00044898754065551756,0.16503082578757883
2024-08-09,-0.3449086430175711,5344.16,-0.00044898754065551756,-0.00044898754065551756,-0.3449086430175711,-0.00044898754065551756,0.03855902456919127,0.21146083980359823
2024-08-16,0.20905383219187987,5554.25,0.03855902456919127,0.03855902456919127,0.20905383219187987,0.03855902456919127,0.014364534328683936,0.22046726039560668
2024-08-23,-0.5531242693787481,5634.61,0.014364534328683936,0.014364534328683936,-0.5531242693787481,0.014364534328683936,0.0024443844091757657,0.20554989004208332
2024-08-30,0.2773473293946196,5648.4,0.0024443844091757657,0.0024443844091757657,0.2773473293946196,0.0024443844091757657,-0.04341532076599641,0.19258513371807906
2024-09-06,0.3101043626361895,5408.42,-0.04341532076599641,-0.04341532076599641,0.3101043626361895,-0.04341532076599641,0.03944526653795214,0.16905050590623738
2024-09-13,0.2825404451528994,5626.02,0.03944526653795214,0.03944526653795214,0.2825404451528994,0.03944526653795214,0.013511178237224671,0.15110841757204851
2024-09-20,-0.7439755556828589,5702.55,0.013511178237224671,0.013511178237224671,-0.7439755556828589,0.013511178237224671,0.0062269009459122796,0.14930600731746763
2024-09-27,-0.5512469939566174,5738.17,0.0062269009459122796,0.0062269009459122796,-0.5512469939566174,0.0062269009459122796,0.0022455802856981358,0.13855618984515117
2024-10-04,0.25008090919699977,5751.07,0.0022455802856981358,0.0022455802856981358,0.25008090919699977,0.0022455802856981358,0.011060020574936144,0.11674219796677535
2024-10-11,0.20954250250820552,5815.03,0.011060020574936144,0.011060020574936144,0.20954250250820552,0.011060020574936144,0.008500269509107226,0.09762138904348612
2024-10-18,0.32857281370004593,5864.67,0.008500269509107226,0.008500269509107226,0.32857281370004593,0.008500269509107226,-0.00968927607171322,0.08885289822933176
2024-10-25,-0.49028980622898244,5808.12,-0.00968927607171322,-0.00968927607171322,-0.49028980622898244,-0.00968927607171322,-0.01375085375548801,0.09453135747385376
2024-11-01,-0.354666931335329,5728.8,-0.01375085375548801,-0.01375085375548801,-0.354666931335329,-0.01375085375548801,0.04550977477492174,0.11190483466424388
2024-11-08,0.3368100050145291,5995.54,0.04550977477492174,0.04550977477492174,0.3368100050145291,0.04550977477492174,-0.021055609417307764,0.13566526806287138
2024-11-15,0.2930993794789011,5870.62,-0.021055609417307764,-0.021055609417307764,0.2930993794789011,-0.021055609417307764,0.016676118461077447,0.1406791557831676
2024-11-22,-0.254972311763668,5969.34,0.016676118461077447,0.016676118461077447,-0.254972311763668,0.016676118461077447,0.010505257539601007,0.13743665685577544
2024-11-29,0.32326905743088363,6032.38,0.010505257539601007,0.010505257539601007,0.32326905743088363,0.010505257539601007,0.009550789645523784,0.13911221222691736
2024-12-06,-0.18623584669162194,6090.27,0.009550789645523784,0.009550789645523784,-0.18623584669162194,0.009550789645523784,-0.006453994610219541,0.07683030363730013
2024-12-13,0.3444827528253224,6051.09,-0.006453994610219541,-0.006453994610219541,0.3444827528253224,-0.006453994610219541,-0.020070879412133123,0.08409241381131974
2024-12-20,0.06445969725554773,5930.85,-0.020070879412133123,-0.020070879412133123,0.06445969725554773,-0.020070879412133123,0.00672007933223057,0.13116472804074839
2024-12-27,-0.8650583297280857,5970.84,0.00672007933223057,0.00672007933223057,-0.8650583297280857,0.00672007933223057,-0.004762749165129663,0.14097664545960623
2025-01-03,0.3434204003381153,5942.47,-0.004762749165129663,-0.004762749165129663,0.3434204003381153,-0.004762749165129663,-0.019615719125934725,0.15098974061198284
2025-01-10,0.29305250177162495,5827.04,-0.019615719125934725,-0.019615719125934725,0.29305250177162495,-0.019615719125934725,0.028693494831753125,0.1615206814831739
2025-01-17,0.1960088295847055,5996.66,0.028693494831753125,0.028693494831753125,0.1960088295847055,0.028693494831753125,0.017289381644501164,0.17566845598419167
2025-01-24,0.44499411141598166,6101.24,0.017289381644501164,0.017289381644501164,0.44499411141598166,0.017289381644501164,-0.010000272768043385,0.13929406524506677
2025-01-31,0.45688063612929614,6040.53,-0.010000272768043385,-0.010000272768043385,0.45688063612929614,-0.010000272768043385,-0.0024099752103067633,0.138237806334085
2025-02-07,-0.5226417716097211,6025.99,-0.0024099752103067633,-0.0024099752103067633,-0.5226417716097211,-0.0024099752103067633,0.014602479127266981,0.13357028607013424
2025-02-14,-0.9405206681765081,6114.63,0.014602479127266981,0.014602479127266981,-0.9405206681765081,0.014602479127266981,-0.016738848710951805,0.11122749127196502
2025-02-21,0.3237381050042946,6013.13,-0.016738848710951805,-0.016738848710951805,0.3237381050042946,-0.016738848710951805,-0.009798175421528476,0.11880123976331584
2025-02-28,0.32582204946304816,5954.5,-0.009798175421528476,-0.009798175421528476,0.32582204946304816,-0.009798175421528476,-0.0314404942615594,0.12844658261463243
2025-03-07,0.09207484099940534,5770.2,-0.0314404942615594,-0.0314404942615594,0.09207484099940534,-0.0314404942615594,-0.02301063738034607,0.1574796148478822
2025-03-14,0.20501698679792346,5638.94,-0.02301063738034607,-0.02301063738034607,0.20501698679792346,-0.02301063738034607,0.0050625854379301866,0.19945820743062784
2025-03-21,0.27623912953544816,5667.56,0.0050625854379301866,0.0050625854379301866,0.27623912953544816,0.0050625854379301866,-0.015401469034943934,0.20254216218727697
2025-03-28,0.27109950058844157,5580.94,-0.015401469034943934,-0.015401469034943934,0.27109950058844157,-0.015401469034943934,-0.09521199328066883,0.214835239525759
2025-04-04,0.26968420141538163,5074.08,-0.09521199328066883,-0.09521199328066883,0.26968420141538163,-0.061386680824088,0.05544541664981416,0.3222587635835274
2025-04-11,0.25389633080901414,5363.36,0.05544541664981416,0.05544541664981416,0.25389633080901414,0.05544541664981416,-0.01515331370343486,0.47554169668982654
2025-04-18,0.1682272571124935,5282.7,-0.01515331370343486,-0.01515331370343486,0.1682272571124935,-0.01515331370343486,0.044883925078559754,0.4710523229266902
2025-04-25,0.1375148955717001,5525.21,0.044883925078559754,0.044883925078559754,0.1375148955717001,0.044883925078559754,0.028803583830458196,0.49282558027414686
2025-05-02,0.22935744418391887,5686.67,0.028803583830458196,0.028803583830458196,0.22935744418391887,0.028803583830458196,-0.004716848533125205,0.490821336771817
2025-05-09,0.20463914722525253,5659.91,-0.004716848533125205,-0.004716848533125205,0.20463914722525253,-0.004716848533125205,0.051390641020524985,0.2364056056380809
2025-05-16,0.03963840012151709,5958.38,0.051390641020524985,0.051390641020524985,0.03963840012151709,0.051390641020524985,-0.026454625760471716,0.18776969864847418
2025-05-23,-1.0211668485473655,5802.82,-0.026454625760471716,-0.026454625760471716,-1.0211668485473655,-0.026454625760471716,0.018587740258497704,0.15129870128126632
2025-05-30,-2.2821282840030084,5911.69,0.018587740258497704,0.018587740258497704,-2.2821282840030084,0.018587740258497704,0.014887720880978336,0.165190261971954
2025-06-06,0.19170897487420085,6000.36,0.014887720880978336,0.014887720880978336,0.19170897487420085,0.014887720880978336,-0.003905716839027833,0.15689989221010991
2025-06-13,0.03238221717419569,5976.97,-0.003905716839027833,-0.003905716839027833,0.03238221717419569,-0.003905716839027833,-0.0015286976984990861,0.12318106911475048
2025-06-20,0.20596889037909338,5967.84,-0.0015286976984990861,-0.0015286976984990861,0.20596889037909338,-0.0015286976984990861,0.033811230162032364,0.12768151613653264
2025-06-27,0.20418697724542206,6173.07,0.033811230162032364,0.033811230162032364,0.20418697724542206,0.033811230162032364,0.017070188885937303,0.09669070780823968
2025-07-04,-1.073727637648026,6279.35,0.017070188885937303,0.017070188885937303,-1.073727637648026,0.017070188885937303,-0.0031262237262663535,0.09911725036949581
2025-07-11,0.25458141529066736,6259.75,-0.0031262237262663535,-0.0031262237262663535,0.25458141529066736,-0.0031262237262663535,0.005899731524293387,0.10001344723558411
2025-07-18,-2.0707261379771476,6296.79,0.005899731524293387,0.005899731524293387,-2.0707261379771476,0.005899731524293387,0.014481433449924518,0.07763602123761615
2025-07-25,0.3667314821014682,6388.64,0.014481433449924518,0.014481433449924518,0.3667314821014682,0.014481433449924518,-0.023860191924285058,0.06697830662646338
2025-08-01,-0.8587813342123815,6238.01,-0.023860191924285058,-0.023860191924285058,-0.8587813342123815,-0.023860191924285058,0.02398697143532075,0.0874037434451112
2025-08-08,0.42525651565865163,6389.45,0.02398697143532075,0.02398697143532075,0.42525651565865163,0.02398697143532075,0.009400929877436081,0.09836404241340577
2025-08-15,-0.7013989493702272,6449.8,0.009400929877436081,0.009400929877436081,-0.7013989493702272,0.009400929877436081,0.0026492829842112106,0.1028618547890052
2025-08-22,0.36543459015476104,6466.91,0.0026492829842112106,0.0026492829842112106,0.36543459015476104,0.0026492829842112106,-0.0010288408965910914,0.11637645888398047
2025-08-29,0.44528757293366183,6460.26,-0.0010288408965910914,-0.0010288408965910914,0.44528757293366183,-0.0010288408965910914,0.003282400395347566,0.11893305692946378
2025-09-05,0.40531031182527477,6481.5,0.003282400395347566,0.003282400395347566,0.40531031182527477,0.003282400395347566,0.015734543519343433,0.0953163080176228
2025-09-12,0.4005287602670765,6584.29,0.015734543519343433,0.015734543519343433,0.4005287602670765,0.015734543519343433,0.012087416436766495,0.0879774794391525
2025-09-19,0.35432788631282186,6664.36,0.012087416436766495,0.012087416436766495,0.35432788631282186,0.012087416436766495,-0.00310488780444765,0.08485588069580556
2025-09-26,0.4056818055662732,6643.7,-0.00310488780444765,-0.00310488780444765,0.4056818055662732,-0.00310488780444765,0.010792432904529192,0.07583472108791652
2025-10-03,0.3823244460788549,6715.79,0.010792432904529192,0.010792432904529192,0.3823244460788549,0.010792432904529192,-0.024613287764829073,0.05906704683059528
2025-10-10,,6552.51,-0.024613287764829073,-0.024613287764829073,,-0.024613287764829073,0.016873223114333,0.11491645864148996
2025-10-17,0.3851122130432787,6664.01,0.016873223114333,0.016873223114333,0.3851122130432787,0.016873223114333,0.018978400572081337,0.12927164065480032
2025-10-24,0.37040770397558226,6791.69,0.018978400572081337,0.018978400572081337,0.37040770397558226,0.018978400572081337,0.01182522486814693,0.13378163399791024
2025-10-31,,6872.48,0.01182522486814693,0.01182522486814693,,0.01182522486814693,,0.13849584652961727
