date,beta
2015-07-10,-0.0003821440458184613
2015-07-13,-0.0004135680419887159
2015-07-14,-0.0003834899499317249
2015-07-15,-0.0003279769609021382
2015-07-16,-0.0004316581135176205
2015-07-17,-0.0003991573059682721
2015-07-20,-0.0003308134370429141
2015-07-21,-0.00029184766888341136
2015-07-22,-0.00035681070529210195
2015-07-23,-0.0004173462883666823
2015-07-24,-0.0006328228366605733
2015-07-27,-0.0007048734103570065
2015-07-28,-0.0007333840678245423
2015-07-29,-0.0006609265928327941
2015-07-30,-0.00026184003677383387
2015-07-31,-0.0002491341277270443
2015-08-03,-0.00026009189956132864
2015-08-04,-0.0002199930903583155
2015-08-05,-0.00019618918062252504
2015-08-06,-0.00017507098047805502
2015-08-07,-0.00022482923515564684
2015-08-10,-0.00026360776318113446
2015-08-11,-0.00026511356353931605
2015-08-12,-0.0003156396273454218
2015-08-13,-0.0003057079583816389
2015-08-14,-0.0002986921073594128
2015-08-17,-0.0003094088443699764
2015-08-18,-0.00030805663653244635
2015-08-19,-0.000336239246175932
2015-08-20,-0.0003645270250190724
2015-08-21,-0.0004176762674747229
2015-08-24,-0.0005379614539509613
2015-08-25,-0.0005849600073739116
2015-08-26,-0.0006039678210072974
2015-08-27,-0.0005371583018955092
2015-08-28,-0.0005437555124591988
2015-08-31,-0.0005391034109137492
2015-09-01,-0.0005423438006006417
2015-09-02,-0.0006222005793147803
2015-09-03,-0.0006473340387179911
2015-09-04,-0.000633786466282393
2015-09-08,-0.0005884567743900146
2015-09-09,-0.0005014755735193803
2015-09-10,-0.000543486928345091
2015-09-11,-0.0004912256667436561
2015-09-14,-0.0004783576244328727
2015-09-15,-0.0005162450924165258
2015-09-16,-0.000473927637830876
2015-09-17,-0.0003473110151881461
2015-09-18,-0.0004339459349207559
2015-09-21,-0.0005018771155735651
2015-09-22,-0.0005911635629954177
2015-09-23,-0.00055766718848016
2015-09-24,-0.0005769832873353318
2015-09-25,-0.0005667173270100404
2015-09-28,-0.0005226106857946965
2015-09-29,-0.0005797531082227911
2015-09-30,-0.0005886538382863449
2015-10-01,-0.0005650664365363789
2015-10-02,-0.0005634675120010878
2015-10-05,-0.0005140528916388875
2015-10-06,-0.0004813805872667886
2015-10-07,-0.0005090226718387402
2015-10-08,-0.0004981308263092738
2015-10-09,-0.0005111485806315771
2015-10-13,-0.0005248374421938461
2015-10-14,-0.00036477149953606297
2015-10-15,-0.00021610735089029522
2015-10-19,-0.00018624954927109945
2015-10-20,-0.00018319092584952092
2015-10-21,-0.00012898419736696187
2015-10-22,-0.00017712169745684654
2015-10-23,-0.00012126806281483643
2015-10-26,-0.00010417183990152973
2015-10-27,-7.678183650133101e-05
2015-10-29,-7.143233673078994e-05
2015-10-30,-0.00015187384830399865
2015-11-02,-0.0001733919793841419
2015-11-03,-0.00011863558547135753
2015-11-04,-8.190354112730055e-05
2015-11-05,-0.0001284870784941151
2015-11-06,-0.00014108508003324324
2015-11-09,-0.00010446529101743404
2015-11-10,2.2954484134053238e-05
2015-11-12,1.554120289499389e-05
2015-11-13,0.00018884373975928216
2015-11-16,0.00016161396498214604
2015-11-17,0.00018087068370941
2015-11-18,0.00017658315207993002
2015-11-19,0.0002139819753082656
2015-11-20,0.00021387972357670863
2015-11-23,0.00021825975897948047
2015-11-24,0.00021540977496386845
2015-11-25,0.0001891985188924974
2015-11-27,0.0001820259980117205
2015-11-30,0.00019144077648236034
2015-12-01,0.000203419755441594
2015-12-02,1.717466860947026e-05
2015-12-03,-6.0441515271280965e-05
2015-12-04,-0.00014181706921576162
2015-12-07,-5.822943323283935e-05
2015-12-08,-8.579295174816633e-05
2015-12-09,-0.00012182865850839266
2015-12-10,-0.00012397016521655186
2015-12-11,-0.00010844539400037219
2015-12-14,-0.0001703122054542499
2015-12-15,-0.00015159925810820114
2015-12-16,-0.00014326927856817502
2015-12-17,-8.732379365694452e-05
2015-12-18,-8.862571824314485e-05
2015-12-21,-0.00014938003928907566
2015-12-22,-0.0001331135656141601
2015-12-23,-0.0002507160548942901
2015-12-24,-0.00022636747780529663
2015-12-28,-0.00021634889934150507
2015-12-29,-0.00024238240175167205
2015-12-30,-0.00021249074202723297
2015-12-31,-0.00022294361048505825
2016-01-04,-0.00025981534537023924
2016-01-05,-0.0002007103383416428
2016-01-06,-0.0002093108905196432
2016-01-07,-0.00028365845709393757
2016-01-08,-0.000384140129498139
2016-01-11,-0.00041374540940165665
2016-01-12,-0.0004261749653527709
2016-01-13,-0.00040718532607881885
2016-01-14,-0.0003360317846617172
2016-01-15,-0.00021650736555163283
2016-01-19,-0.00034260130010145193
2016-01-20,-0.000351557297197864
2016-01-21,-0.000395980233272328
2016-01-22,-0.0005069486945240508
2016-01-26,-0.000418382664787708
2016-01-27,-0.00034932587954818525
2016-01-28,-0.0003804304986376232
2016-01-29,-0.000368474835878657
2016-02-01,-0.0002465540619931101
2016-02-02,-0.00023147426593034606
2016-02-03,-0.0002821893974912537
2016-02-04,-0.0002902853929870741
2016-02-05,-0.00030449475396429734
2016-02-08,4.672235763373666e-05
2016-02-09,-3.035700731373128e-06
2016-02-10,-1.175663187890887e-05
2016-02-11,-5.022940779292502e-06
2016-02-12,-6.369599981942604e-05
2016-02-16,3.335547349050884e-05
2016-02-17,0.00010604699257846901
2016-02-18,0.00013357841030946677
2016-02-19,0.00014273336268730795
2016-02-22,0.0001408117464875555
2016-02-23,0.00019607121802463754
2016-02-24,0.00014235047655143998
2016-02-25,9.568389563982175e-05
2016-02-26,0.00014524694122493862
2016-02-29,0.00018285157973122016
2016-03-01,0.0002044519625048932
2016-03-03,-6.327121679380041e-06
2016-03-04,7.338969631040231e-05
2016-03-07,6.010913433637113e-05
2016-03-08,-2.48729562363657e-05
2016-03-09,-8.892158076409512e-05
2016-03-10,-6.997826903097342e-05
2016-03-11,-5.401796328717353e-05
2016-03-14,-3.6273573637838615e-05
2016-03-15,-3.605402112149715e-05
2016-03-16,-4.718128035501867e-05
2016-03-17,-4.7989037112768524e-05
2016-03-18,-7.859513625790883e-05
2016-03-21,-3.299188247687243e-05
2016-03-22,-4.211293084613644e-05
2016-03-23,-5.5350739308355546e-05
2016-03-24,-7.154222589736243e-05
2016-03-28,-0.00010099832017324982
2016-03-29,0.0001350422716229633
2016-03-30,6.435076315334513e-06
2016-03-31,6.486490850027849e-05
2016-04-01,0.00013054324664754419
2016-04-04,0.00018556731267366244
2016-04-05,0.00018573688233854732
2016-04-06,0.00015515090786633756
2016-04-07,0.00019520420317041835
2016-04-08,0.00021246334502634802
2016-04-11,0.00025065100153505177
2016-04-12,0.00018650053389921258
2016-04-13,0.00026709488273810326
2016-04-14,7.332117032679206e-05
2016-04-15,3.0381750413943122e-05
2016-04-18,3.570915960586781e-05
2016-04-19,5.222572207912163e-05
2016-04-20,7.377508129290645e-05
2016-04-21,7.381182579924904e-05
2016-04-22,-0.0001078446262303002
2016-04-25,-0.0002893042547173973
2016-04-26,-0.0003410902335481605
2016-04-27,-0.0003352146832334846
2016-04-28,-0.00040500484614012307
2016-04-29,-0.0004168207843639904
2016-05-02,-0.00048643578353641637
2016-05-03,-0.0006608279721725812
2016-05-04,-0.0008055855129116559
2016-05-05,-0.0008610455745053152
2016-05-06,-0.0008604288367774299
2016-05-09,-0.0008347788801020236
2016-05-10,-0.0008747038274176626
2016-05-11,-0.000841270896899779
2016-05-12,-0.0007135541980138101
2016-05-13,-0.0007106959295512018
2016-05-16,-0.0007409667931432652
2016-05-17,-0.0009393667792749439
2016-05-18,-0.000978964979115956
2016-05-19,-0.0013995638010007683
2016-05-20,-0.0013636725069495598
2016-05-23,-0.0014050340745148074
2016-05-24,-0.0014073646256907977
2016-05-25,-0.001426169245352913
2016-05-26,-0.0014233859482643847
2016-05-27,-0.0013076568083116875
2016-05-31,-0.0012912011616014714
2016-06-01,-0.001239574306168658
2016-06-02,-0.0012360253164831608
2016-06-03,-0.0012327537371265786
2016-06-06,-0.0012225523369752617
2016-06-07,-0.0010296813498755623
2016-06-08,-0.0009324767738275567
2016-06-09,-0.0008588664081679166
2016-06-10,-0.0009566810072254091
2016-06-13,-0.0009144296918342286
2016-06-14,-0.0009145764004002887
2016-06-15,-0.0008858349576611625
2016-06-16,-0.0007967125648218583
2016-06-17,-0.0007275060408832842
2016-06-20,-0.0006513347012055321
2016-06-21,-0.0006750457731023363
2016-06-22,-0.0007426097413441431
2016-06-23,-0.0006713362768640601
2016-06-24,-0.0005345032290859618
2016-06-27,-0.0007006162582300849
2016-06-28,-0.0006755725117739112
2016-06-29,-0.0006571622361073368
2016-06-30,-0.0005753506679297611
2016-07-01,-0.0005051862302120572
2016-07-05,-0.0005412434769623586
2016-07-06,-0.0005364241679829128
2016-07-07,-0.0004700761305358469
2016-07-08,-0.0004746975084304895
2016-07-11,-0.0004094993316580702
2016-07-12,-0.00033768776740797184
2016-07-13,-0.0003180400825911647
2016-07-14,-0.00027363199950274786
2016-07-15,-0.00025348902180352727
2016-07-18,-0.0002342600766043058
2016-07-19,-0.0002708780649101631
2016-07-20,-0.0003544315472684062
2016-07-21,-0.00023698679058509957
2016-07-22,-0.00025540820216833214
2016-07-25,-0.0001883735591229263
2016-07-26,-0.0001467205373865743
2016-07-27,-0.00023417783726302537
2016-07-28,-0.00029523242128605106
2016-07-29,-0.0002450755562280852
2016-08-01,-0.0002469240811416525
2016-08-02,-0.0003508875592836582
2016-08-03,-0.00037549964888968244
2016-08-04,-0.0002978613756090767
2016-08-05,-0.00031546905779008367
2016-08-08,-0.00028931339563618286
2016-08-09,-0.0007231295509110773
2016-08-10,-0.0006674014407692536
2016-08-11,-0.000745531163631507
2016-08-12,-0.000773274370854593
2016-08-15,-0.0007263405623136026
2016-08-16,-0.0007878710389661842
2016-08-17,-0.0008736703516279085
2016-08-18,-0.0009288159157690021
2016-08-19,-0.0009033821020297834
2016-08-22,-0.0008433931870424729
2016-08-23,-0.0008981004013997449
2016-08-24,-0.0008464345211817284
2016-08-25,-0.000842009231248948
2016-08-26,-0.0008892039412588865
2016-08-29,-0.000888257859856033
2016-08-30,-0.0008394683984043056
2016-08-31,-0.0005058184541936133
2016-09-01,-0.0005225526409369242
2016-09-02,-0.0004942752119834248
2016-09-07,-0.0004853662656095557
2016-09-08,-0.0004374944133210049
2016-09-09,-0.0004638415274354508
2016-09-12,-0.0005825798230255871
2016-09-13,-0.00043124650688764285
2016-09-14,-0.00047042907827019915
2016-09-15,-0.00046361824344296946
2016-09-16,-0.0004642975969151581
2016-09-19,-0.00032685901644836793
2016-09-20,-0.000339744112525896
2016-09-21,-0.00034281809308030046
2016-09-22,-0.00031837848557963696
2016-09-23,-0.0002935161743045195
2016-09-26,-0.0003054875064463595
2016-09-27,-0.00015975620530247423
2016-09-28,2.350301327691518e-05
2016-09-29,2.046914506249151e-05
2016-09-30,0.0001709141094410301
2016-10-03,0.0001702021378687787
2016-10-04,0.00016511435647621224
2016-10-05,0.00019106048077590748
2016-10-06,0.0001618859414106359
2016-10-07,0.00021287145066081013
2016-10-11,0.00019325085882124235
2016-10-12,0.00018263919632390127
2016-10-13,0.00015663499114745182
2016-10-14,0.00033152895453449007
2016-10-17,0.00033173529479618464
2016-10-18,0.00039384568556086435
2016-10-19,0.0002078425204335743
2016-10-20,0.0002041768927566173
2016-10-21,0.00019746291287089376
2016-10-24,0.00021652812630622282
2016-10-25,0.00023179692623163294
2016-10-26,0.0002363467239638239
2016-10-27,0.00022521939240749934
2016-10-28,0.00021339279044155213
2016-10-31,0.0002348121333597922
2016-11-01,0.0002533512244483338
2016-11-02,0.000499720661324282
2016-11-03,0.0006320131241972708
2016-11-04,0.0006329892870505905
2016-11-07,0.0006274733720799857
2016-11-08,0.0006924422408761225
2016-11-09,0.000703091232874122
2016-11-10,0.0006970193043549815
2016-11-14,0.0005806821617163876
2016-11-15,0.0005813012648279655
2016-11-16,0.000638978200154917
2016-11-17,0.000600555343269101
2016-11-18,0.0006514573722113131
2016-11-21,0.0006646511727626778
2016-11-22,0.0007005243054002468
2016-11-23,0.0006904726510318614
2016-11-25,0.0007007654215959472
2016-11-28,0.0006662014827015292
2016-11-29,0.0006282829848834285
2016-11-30,0.0006554997309409746
2016-12-01,0.0006335088135130725
2016-12-02,0.0006366466100403497
2016-12-05,0.000634238689836846
2016-12-06,0.0007298326534506264
2016-12-07,0.0007500607817488621
2016-12-08,0.0007753710201343666
2016-12-09,0.0008542354186403445
2016-12-12,0.0008611006019961048
2016-12-13,0.0008636220309566193
2016-12-14,0.0008708097575733751
2016-12-15,0.0008757445628541027
2016-12-16,0.0008936283522707361
2016-12-19,0.0008823309557260751
2016-12-20,0.0010016065748397448
2016-12-21,0.0009692875327091665
2016-12-22,0.0009745758610067593
2016-12-23,0.0009744546073394852
2016-12-27,0.0009711912320042624
2016-12-28,0.0009254048306230136
2016-12-29,0.0010213895184867745
2016-12-30,0.0011048115692931745
2017-01-03,0.0010223556879690604
2017-01-04,0.0009515798335150938
2017-01-05,0.0008945742587589858
2017-01-06,0.000895505117459632
2017-01-09,0.0009337027707300894
2017-01-10,0.0008959107414990587
2017-01-11,0.0009013581349338882
2017-01-12,0.0008446408597025794
2017-01-13,0.0008245551014093672
2017-01-17,0.001050613792166988
2017-01-18,0.0010445810783711665
2017-01-19,0.0009313677296339306
2017-01-23,0.0009236887804862597
2017-01-24,0.0009038732990579158
2017-01-25,0.0009333413520742884
2017-01-26,0.000940590013849669
2017-01-27,0.0009575415611332517
2017-01-30,0.0009358874563217195
2017-01-31,0.0009345198158478468
2017-02-01,0.0009318764058833304
2017-02-02,0.0009395185701747029
2017-02-03,0.0009351776819882369
2017-02-06,0.0006751492292886518
2017-02-07,0.000675092239322236
2017-02-08,0.0006737041797097101
2017-02-09,0.0006627136284554217
2017-02-10,0.0006835288144232648
2017-02-13,0.0005550257285443361
2017-02-14,0.0005804021630765063
2017-02-15,0.0005942840420543568
2017-02-17,0.0006227915828989211
2017-02-21,0.0007176652359815529
2017-02-22,0.0007439546536737573
2017-02-23,0.0007287900370433972
2017-02-24,0.0007534462065878803
2017-02-27,0.0007513722046351575
2017-02-28,0.0006971651781773327
2017-03-01,0.000672792572480587
2017-03-03,0.000721717510498811
2017-03-06,0.0007168744909175054
2017-03-07,0.0007244123452358291
2017-03-08,0.0007383103365192177
2017-03-09,0.000721395219640374
2017-03-13,0.0007036807058150605
2017-03-14,0.0006803544715535474
2017-03-15,0.0006687924394628077
2017-03-16,0.0007018450377524843
2017-03-17,0.0006808571954981869
2017-03-21,0.0006761857881811585
2017-03-22,0.0006353047528998453
2017-03-23,0.0007370154047044962
2017-03-24,0.0006807207499090971
2017-03-27,0.0007278583422113392
2017-03-28,0.0007253067147881325
2017-03-29,0.0007219273942313372
2017-03-30,0.0006485589826521374
2017-03-31,0.0006585128814056219
2017-04-03,0.0006494355441223003
2017-04-04,0.0006196509629335923
2017-04-05,0.0006240682033968529
2017-04-06,0.0006289170028187395
2017-04-07,0.0004593126938511236
2017-04-10,0.0004377492812657506
2017-04-11,0.000424464968936701
2017-04-12,0.00023254147363762183
2017-04-13,0.0001977944126966994
2017-04-17,0.00018719944865708792
2017-04-18,0.0002244468646890228
2017-04-19,0.00020358579429743875
2017-04-20,0.0002016745257656051
2017-04-21,0.00022974203868553666
2017-04-24,0.00023868340692637381
2017-04-25,0.0002644134591513191
2017-04-26,0.0002862260184997431
2017-04-27,0.0002865415327558845
2017-04-28,0.0001502301553896082
2017-05-01,0.0004254050422599857
2017-05-02,0.0004234363978204447
2017-05-03,0.00043296056743278644
2017-05-04,0.00043238060246773803
2017-05-05,0.00041771787659907714
2017-05-08,0.0004201837620968569
2017-05-09,0.00042472532930300694
2017-05-10,0.0004324304680915695
2017-05-11,0.0004484081635813703
2017-05-12,0.00044585261186987513
2017-05-15,0.00018154404649802462
2017-05-16,-0.00020590735658023736
2017-05-17,-0.0001799617344407244
2017-05-18,-0.00017760860856510488
2017-05-19,-0.0002685261591664314
2017-05-22,-0.0002755659602526056
2017-05-23,-0.0003155932349672737
2017-05-24,-0.0002913055572834205
2017-05-25,-0.00028621719993541465
2017-05-26,-0.00032585157173514154
2017-05-30,-0.0003206916213902017
2017-05-31,-0.000339155193659378
2017-06-01,-0.0003235503055558854
2017-06-02,-0.00035716976328861716
2017-06-05,-0.00036414420590662124
2017-06-06,-0.00035902375730445535
2017-06-07,3.741927425755405e-05
2017-06-08,5.5790884639050496e-05
2017-06-09,5.4145508329805404e-05
2017-06-12,6.588737317786151e-05
2017-06-13,5.143518723935175e-05
2017-06-14,5.271838562701908e-05
2017-06-15,3.250831120772007e-05
2017-06-16,2.4266839820146857e-05
2017-06-19,-2.020377541647148e-05
2017-06-20,-1.8732727669298226e-05
2017-06-21,0.00027033895666484284
2017-06-22,0.00027518885034345043
2017-06-23,0.0002543738763790465
2017-06-26,0.00028444023925720184
2017-06-27,0.0002730187573425943
2017-06-28,0.0002649802811845005
2017-06-29,0.00027482848625349273
2017-06-30,0.0002601402344412348
2017-07-03,0.0002042231384014867
2017-07-05,0.0002146987964755846
2017-07-06,0.00021224091969634893
2017-07-07,0.0006218081107730385
2017-07-10,0.0006499428621367302
2017-07-11,0.0006531469165735101
2017-07-12,0.0006659831960541445
2017-07-13,0.0006763390075268441
2017-07-14,0.000678294105699926
2017-07-17,0.0006927351491242963
2017-07-18,0.0006832706082802488
2017-07-19,0.0007014503120720484
2017-07-20,0.0007141079981158073
2017-07-21,0.0007059836384742267
2017-07-24,0.0007196701277388536
2017-07-25,0.0006706892853549133
2017-07-26,0.0006861979002701801
2017-07-27,0.000728758458067353
2017-07-28,0.0007413342924881734
2017-07-31,0.0007494203020473513
2017-08-01,0.0007278968404128927
2017-08-02,0.0007080723720933196
2017-08-03,0.0007123624175998821
2017-08-07,0.0007130329353129786
2017-08-08,0.0007352774589684388
2017-08-09,0.0007369272116766924
2017-08-11,0.0007357948172250365
2017-08-14,0.0007377224195792922
2017-08-16,0.0009527178344353172
2017-08-17,0.0009634172944083855
2017-08-18,0.0009605488493487288
2017-08-22,0.0009557130175318959
2017-08-23,0.0009592766142065792
2017-08-24,0.0010594279037412452
2017-08-25,0.0010367627545332194
2017-08-29,0.0009198521650306183
2017-08-30,0.0009046674360171634
2017-08-31,0.0009117473262145363
2017-09-01,0.0008938857292542858
2017-09-05,0.0009040082604290633
2017-09-06,0.0008994467600746471
2017-09-07,0.0009038467429800773
2017-09-08,0.0009608619017950278
2017-09-11,0.0009707412839261087
2017-09-12,0.0009525738075893137
2017-09-13,0.0009593341420754965
2017-09-14,0.0009744731733562127
2017-09-15,0.0009647587741489942
2017-09-18,0.0009756341480978527
2017-09-19,0.0009775884108469946
2017-09-20,0.0010310511006571715
2017-09-21,0.0010470438594066002
2017-09-22,0.0010181830034549397
2017-09-25,0.0010276257380249481
2017-09-26,0.000981801142417832
2017-09-27,0.0010275912891974655
2017-09-28,0.00081935614037484
2017-09-29,0.000826554438591892
2017-10-02,0.000839866535037113
2017-10-04,0.0008541571021250997
2017-10-05,0.0008344679318881651
2017-10-06,0.0008468788876039656
2017-10-11,0.0008353234599684606
2017-10-12,0.0008475381989964499
2017-10-13,0.0008528253566025626
2017-10-16,0.0008539243713083843
2017-10-17,0.000865787631684221
2017-10-18,0.0008656613844959175
2017-10-19,0.000870586858865733
2017-10-20,0.0008697465342700945
2017-10-23,0.0008866179108826748
2017-10-24,0.0008892212158272879
2017-10-25,0.0009116607050330454
2017-10-26,0.0008777380821271101
2017-10-27,0.0008902189129536991
2017-10-30,0.0009100241400091574
2017-10-31,0.0008828946372189325
2017-11-01,0.0008939176383302133
2017-11-02,0.0008678866436701734
2017-11-03,0.0008527537873399869
2017-11-06,0.000857600177233225
2017-11-07,0.0008591623710917368
2017-11-08,0.0008632047632889745
2017-11-09,0.0008622954511469738
2017-11-13,0.0008501765587270244
2017-11-15,0.0008556309234831651
2017-11-16,0.0008522436219569776
2017-11-17,0.0008610241176920378
2017-11-20,0.0008750921815886912
2017-11-21,0.0008809217299104478
2017-11-22,0.0008946113471361543
2017-11-24,0.0008984360727284638
2017-11-27,0.0009034354135642469
2017-11-28,0.0008925423688993988
2017-11-29,0.0008032465016082152
2017-11-30,0.0008382979672665362
2017-12-01,0.0008486417486828852
2017-12-04,0.000831088592904532
2017-12-05,0.0008162361433573344
2017-12-06,0.0008068361107562573
2017-12-07,0.0008007001524152205
2017-12-08,0.0007986264608541787
2017-12-11,0.0008099253494860885
2017-12-12,0.0008186491511571165
2017-12-13,0.0008225867259482297
2017-12-14,0.0008059524218186259
2017-12-15,0.0007943009282964
2017-12-18,0.0008138957191758472
2017-12-19,0.0008580612590879656
2017-12-20,0.0008620091105904392
2017-12-21,0.0008569158150095516
2017-12-22,0.0008623668903819078
2017-12-26,0.0008623849349487213
2017-12-27,0.0008525145063373284
2017-12-28,0.0008559855969818124
2017-12-29,0.0008601211364059631
2018-01-02,0.0008434849082796815
2018-01-03,0.0008294184255295393
2018-01-04,0.0006424456567127573
2018-01-08,0.0006624763245834652
2018-01-09,0.0006662230361576054
2018-01-10,0.0006659251358699169
2018-01-11,0.0006753504508386915
2018-01-12,0.0007255453339508986
2018-01-17,0.00073446877634696
2018-01-18,0.0006427769451314902
2018-01-19,0.0006244721065018622
2018-01-22,0.0006367690051935124
2018-01-23,0.0004829973733659985
2018-01-24,-9.528564648688656e-05
2018-01-25,-0.00010982192464928234
2018-01-26,-0.00011282919063715019
2018-01-29,-4.1524975640538415e-05
2018-01-30,-9.588905108241715e-05
2018-01-31,-0.00016743144657558587
2018-02-01,-0.00017436986233403898
2018-02-02,-0.00018753273371982705
2018-02-05,-0.00030393176467670825
2018-02-06,-0.0005258511905457787
2018-02-07,-0.00044730761075400757
2018-02-09,-0.00044129470002510327
2018-02-12,-0.0013283869097181875
2018-02-13,-0.001250725148146079
2018-02-14,-0.0012363532125128159
2018-02-15,-0.0011563410314292812
2018-02-16,-0.0010916803190039585
2018-02-20,-0.0010896162224671606
2018-02-21,-0.0011237543701800472
2018-02-22,-0.0011549196993076284
2018-02-23,-0.0011495937663435272
2018-02-26,-0.0012129025742693867
2018-02-27,-0.0011590816640648326
2018-02-28,-0.001140947599222585
2018-03-01,-0.001200322530630453
2018-03-02,-0.001290434371772121
2018-03-05,-0.0012702360685842417
2018-03-06,-0.001180553862711061
2018-03-07,-0.0011655875796915606
2018-03-08,-0.0011954844527209494
2018-03-09,-0.0011680962947646506
2018-03-13,-0.0011230203640886292
2018-03-15,-0.001307778425700901
2018-03-16,-0.0013161453011182886
2018-03-19,-0.0013264266373150637
2018-03-20,-0.00024657414739651264
2018-03-21,-0.0002475171836656136
2018-03-22,-0.0002616135947849333
2018-03-23,-0.00037199074166050704
2018-03-26,-0.00045577752693459485
2018-03-27,-0.00035676661845838195
2018-03-28,-0.00045183977306768506
2018-03-29,-0.000471991545371601
2018-04-02,-0.00042916963272762677
2018-04-03,-0.0005036051825797077
2018-04-04,-0.0004644363481651079
2018-04-05,-0.00044370567659337147
2018-04-06,-0.000422040376908561
2018-04-09,-0.000490047750200248
2018-04-10,-0.0005242902903079853
2018-04-11,-0.0004735764734576637
2018-04-12,-0.0009419752284192795
2018-04-13,-0.000938232851641391
2018-04-16,-0.0009708287724986705
2018-04-17,-0.0009536348738765897
2018-04-19,-0.0009511034041236671
2018-04-20,-0.0009820990858062035
2018-04-23,-0.0010030792748159276
2018-04-24,-0.0010255789030951343
2018-04-25,-0.0010347332537128694
2018-04-26,-0.0010405676596070652
2018-04-27,-0.0010261731869721472
2018-04-30,-0.0010265049102724279
2018-05-01,-0.001029603915345614
2018-05-02,-0.001036396310526106
2018-05-03,-0.0009592267706653137
2018-05-04,-0.0009643949105796796
2018-05-07,-0.0009701247879782809
2018-05-08,-0.000842423052295574
2018-05-09,-0.0008393268665958778
2018-05-10,-0.0008104031537843595
2018-05-11,-0.0007977365196053501
2018-05-14,-0.0006798154094986096
2018-05-15,-0.0006706985428824963
2018-05-16,-0.0006887478867280247
2018-05-17,-0.0006832439977530726
2018-05-18,-0.000685420846303859
2018-05-21,-0.0006921643170341594
2018-05-22,-0.0006837900547800792
2018-05-23,-0.0006884338066953583
2018-05-24,-0.0006839106768150372
2018-05-25,-0.0006780697442098053
2018-05-29,-0.0006843332751172008
2018-05-30,-0.0007091513608715709
2018-05-31,-0.0007070960470600989
2018-06-01,-0.0007564671304744616
2018-06-04,-0.0007388301269199961
2018-06-05,-0.0007506386377142872
2018-06-06,-0.0007482056821800655
2018-06-07,-0.0007364601122951854
2018-06-08,-0.0007371874450009374
2018-06-11,-0.0005667447119312961
2018-06-12,-0.0005641107442781426
2018-06-14,-0.0005755945775578136
2018-06-18,-0.0005729154025097003
2018-06-19,-0.0005727120460725735
2018-06-20,-0.000577074855033779
2018-06-21,-0.0005744255901946158
2018-06-22,-0.0005868659619990797
2018-06-25,-0.000592894441733659
2018-06-26,-0.0006029674750595228
2018-06-27,-0.0006022730027580112
2018-06-28,-0.0006109226052081738
2018-06-29,-0.0006113922411626854
2018-07-02,-0.0006257172931151962
2018-07-03,-0.0006323055836914373
2018-07-05,-0.0006536159788682849
2018-07-06,-0.0006416578908454639
2018-07-09,-0.0006512225467308513
2018-07-10,-0.0006524852131023233
2018-07-11,-0.0006477129420592618
2018-07-12,-0.0006562406232322878
2018-07-13,-0.0006495474485625873
2018-07-16,-0.0006353544721180035
2018-07-17,-0.0006348006418231463
2018-07-18,-0.0006314272660734073
2018-07-19,-0.0006543557019776448
2018-07-20,-0.0006665301259016995
2018-07-23,-0.0006725764216188089
2018-07-24,-0.0006890093565351138
2018-07-25,-0.0007911665832534072
2018-07-26,-0.0008086495431887939
2018-07-27,-0.000681013718489435
2018-07-30,-0.0006745422874212379
2018-07-31,-0.0007054447523604863
2018-08-01,-0.0005033300013364855
2018-08-02,-0.0005198191358352581
2018-08-03,-0.0006278849391926616
2018-08-06,-0.0006242005001609507
2018-08-07,-0.000691410961350884
2018-08-08,-0.0006514325728389393
2018-08-09,-0.0005861611294605793
2018-08-10,-0.0005904118776615897
2018-08-13,-0.00041576022401522704
2018-08-14,-0.00030389210644418576
2018-08-15,-0.00017472867257796974
2018-08-16,-0.0002787002264394731
2018-08-17,-0.0002759519273413481
2018-08-20,0.0003350065298429769
2018-08-21,0.00025683085128469236
2018-08-22,5.7662792614303934e-05
2018-08-23,7.799666803890787e-06
2018-08-24,-3.946537225104438e-05
2018-08-27,-2.770894291546241e-05
2018-08-28,1.2317271200475513e-05
2018-08-29,3.590574509908554e-05
2018-08-30,4.629621064461909e-05
2018-08-31,6.185820860460041e-05
2018-09-04,1.8879072156952603e-05
2018-09-05,1.7202673989052126e-05
2018-09-06,5.7397070977492675e-05
2018-09-10,0.00010282674192568668
2018-09-11,8.888713532034329e-05
2018-09-12,5.685148362281382e-05
2018-09-13,4.915228996383468e-05
2018-09-14,6.230230268734879e-05
2018-09-17,4.747199135095788e-05
2018-09-18,-5.546281568516377e-06
2018-09-19,2.6583374015584704e-05
2018-09-21,3.275276636485397e-05
2018-09-24,2.74491850115837e-05
2018-09-25,-0.0005318003564973794
2018-09-27,-0.0005399597753308239
2018-09-28,-0.0005333462364924803
2018-10-01,-0.0004357856531806445
2018-10-02,-0.0003523910507702622
2018-10-03,-0.000452035282423691
2018-10-04,-0.0002949636737642811
2018-10-05,-0.0003049976298172742
2018-10-09,-0.00036209980733618353
2018-10-10,-0.00013639712026043357
2018-10-11,-0.00025474696709108926
2018-10-12,-0.0003293759763722489
2018-10-15,-0.0003134655217156324
2018-10-16,-0.0002680223255062162
2018-10-17,-0.00020728387765736088
2018-10-18,-0.0002525220646118727
2018-10-19,-0.00027402241037323085
2018-10-22,-0.00028844379803665693
2018-10-23,-0.0002915769188893051
2018-10-24,-0.0003231716635815341
2018-10-25,-0.0003934151151933008
2018-10-26,-0.0003366345999876284
2018-10-29,-0.00033673106204163496
2018-10-30,-0.00034959222604072403
2018-10-31,-0.00028693645652022804
2018-11-01,-0.0002662887899492559
2018-11-02,-0.0002657882047764575
2018-11-05,-0.00028172627978122737
2018-11-06,-0.0002535944856413906
2018-11-07,-0.00024286016306676977
2018-11-08,-0.0008000715279461422
2018-11-09,-0.0007263179557027523
2018-11-13,-0.0007742859476328608
2018-11-14,-0.0007819948452104495
2018-11-15,-0.0007659537355570318
2018-11-16,-0.0007590130656942941
2018-11-19,-0.0007726879968160033
2018-11-20,-0.0008535670143846877
2018-11-21,-0.0003297057897121582
2018-11-23,-0.0003055481925862407
2018-11-26,-0.00033121065248548125
2018-11-27,-0.00029175090913113546
2018-11-28,-0.000277325184735097
2018-11-29,-0.0003011476525465373
2018-11-30,-0.00030037841342520105
2018-12-03,-0.00029212383868826644
2018-12-04,-0.00025914612409932937
2018-12-06,-0.00033398772559457135
2018-12-07,-0.00031341238970686373
2018-12-10,-0.0004019012475322456
2018-12-12,-0.00038222017819350326
2018-12-13,-0.000396273913525532
2018-12-14,-0.0004039117946272635
2018-12-17,-0.00045513457118285313
2018-12-18,-0.0005291537239211515
2018-12-19,-0.0005269809687881619
2018-12-20,-0.0005708854372329535
2018-12-21,-0.0006093446162836723
2018-12-26,-0.0006582462698295628
2018-12-27,-0.0007568762769608072
2018-12-28,-0.0007297130489346379
2018-12-31,-0.0007243051534731309
2019-01-14,-0.0007046433500175785
2019-01-31,-0.0006933489883138188
2019-02-01,-0.0006979550428465925
2019-02-04,-0.0006803051824483082
2019-02-05,-0.0007463563212409385
2019-02-06,-0.0007068305459109232
2019-02-07,-0.0006831393689241974
2019-02-08,-0.0006400525016493001
2019-02-11,-0.0006487311344320764
2019-02-12,-0.0006345926000037569
2019-02-13,-0.0005704524387279727
2019-02-14,-0.0005621293912046331
2019-02-15,-0.0005855843812114163
2019-02-19,-0.0007812810325767342
2019-02-20,-0.0007646854499598398
2019-02-21,-0.0007775429234099924
2019-02-22,-0.0007882043367904588
2019-02-25,-0.0008611102448580325
2019-02-26,-0.0008707452742507432
2019-02-27,-0.0008765285105123057
2019-02-28,-0.0008687766908469122
2019-03-01,-0.0008648808101965099
2019-03-04,-0.0008443386893460794
2019-03-05,-0.00082745155569359
2019-03-06,-0.0008495182836866426
2019-03-07,-0.0008618644347206988
2019-03-08,-0.0006979571145107605
2019-03-11,-0.0006911694165409766
2019-03-12,-0.0006554363768678691
2019-03-13,-0.0006441215779456628
2019-03-14,-0.0005810288054230985
2019-03-15,-0.0005923578991571713
2019-03-18,-0.0005838091268407937
2019-03-19,-0.0005775868369389375
2019-03-20,-0.0005766361771684431
2019-03-21,-0.0005812535450588575
2019-03-22,-0.0007740207787616817
2019-03-25,-0.0008209705819158882
2019-03-26,-0.0007880990386701666
2019-03-27,-0.0007515597031977421
2019-03-28,-0.0007829703433969925
2019-03-29,-0.0007761419043977645
2019-04-01,-0.0007615085389462417
2019-04-02,-0.0008230864505300233
2019-04-03,-0.000821830368968173
2019-04-04,-0.0008117159056208309
2019-04-05,-0.0008182967671221705
2019-04-08,-0.0008224336360164565
2019-04-09,-0.0008193209510588651
2019-04-10,-0.0006737361021955472
2019-04-11,-0.0006530559338570767
2019-04-12,-0.0006526502801666527
2019-04-15,-0.0006284634463408041
2019-04-16,-0.0006247800727406941
2019-04-17,-0.000615769569616511
2019-04-18,-0.0006060103789326909
2019-04-22,-0.0006077469171858671
2019-04-23,-0.0006049876574226543
2019-04-24,-0.0005889473383408202
2019-04-25,-0.0005954092190128704
2019-04-26,-0.0005840449915805693
2019-04-29,-0.0005817277765401794
2019-04-30,-0.0005808227426444762
2019-05-01,-0.0005773555580022845
2019-05-02,-0.0005942076953668865
2019-05-03,-0.0005969858239376353
2019-05-06,-0.0005699278910052386
2019-05-07,-0.0005818230228003149
2019-05-08,-0.0006256795007349963
2019-05-09,-0.0006289273417208998
2019-05-10,-0.0006667702407741811
2019-05-13,-0.0006349096088011891
2019-05-14,-0.0006912368571587672
2019-05-15,-0.0009063126332380339
2019-05-16,-0.0007928902709040969
2019-05-17,-0.0007105512708747129
2019-05-20,-0.0007688460592818362
2019-05-21,-0.0007707189624200962
2019-05-22,-0.0008056364504429399
2019-05-23,-0.000811413321678856
2019-05-24,-0.0008005777832593106
2019-05-28,-0.0007957866503854153
2019-05-29,-0.000805474488351043
2019-05-30,-0.0008096983612289386
2019-05-31,-0.0007528760559176626
2019-06-03,-0.0008298020455708516
2019-06-04,-0.0008081230269012388
2019-06-05,-0.0007459675024539647
2019-06-06,-0.0007669918059251676
2019-06-07,-0.0007974550978357142
2019-06-10,-0.0008009303301739666
2019-06-11,-0.0007736420443146123
2019-06-12,-0.0007878321847172689
2019-06-13,-0.0008080953532049847
2019-06-14,0.00013936063462287296
2019-06-17,6.800552150322081e-05
2019-06-18,0.00010004166252603483
2019-06-19,0.00012494388305068062
2019-06-20,8.730090090651173e-05
2019-06-21,7.388574655997073e-05
2019-06-24,9.89162325416758e-05
2019-06-25,0.00014091794712323288
2019-06-26,-0.00084570342123772
2019-06-27,-0.0008592346055928864
2019-06-28,-0.0008624421633250267
2019-07-01,-0.0009046262967745279
2019-07-02,-0.000893012639380316
2019-07-03,-0.0008266071103514747
2019-07-05,-0.0007932053567748435
2019-07-08,-0.0008166492545501723
2019-07-09,-0.00023695278550139837
2019-07-10,-0.0001515111685955531
2019-07-11,-0.000138567092442302
2019-07-12,-6.671101158482615e-05
2019-07-15,-6.14888523100363e-05
2019-07-16,-7.090614865588201e-05
2019-07-17,8.159440188906705e-05
2019-07-18,0.00011780958279710086
2019-07-19,7.582000659304096e-05
2019-07-22,6.02226721302867e-05
2019-07-23,0.0001042765985042744
2019-07-24,0.0001559150087620538
2019-07-25,0.000211994964045977
2019-07-26,0.0003996531037268289
2019-07-29,0.0003973850209618249
2019-07-30,0.00039647998812513313
2019-07-31,0.0003675439790168845
2019-08-01,0.00033587422716725577
2019-08-02,0.0003108683973834283
2019-08-05,0.0002941980586615904
2019-08-06,0.0002927398611485712
2019-08-07,0.0003058729158958935
2019-08-08,0.00028358766629673965
2019-08-09,0.0002681032221178374
2019-08-12,0.0002539173134932084
2019-08-13,0.00022557099631587862
2019-08-14,0.00018836333423553138
2019-08-15,0.00010843765510933823
2019-08-16,0.00012863374749796062
2019-08-19,0.0004221120379618644
2019-08-20,0.0004459008738701769
2019-08-21,0.0004244278498634096
2019-08-22,0.0004500302395572952
2019-08-23,0.0005929018185983179
2019-08-26,0.0005365268060647937
2019-08-27,0.0005638251378674885
2019-08-28,0.0005993344795458138
2019-08-29,0.0006089899535279588
2019-08-30,0.000623223274689591
2019-09-03,0.0006336053015349429
2019-09-04,0.0006187333285597375
2019-09-05,0.0006581028221978756
2019-09-06,0.0005485855913932135
2019-09-09,0.0005567120508077836
2019-09-10,0.0005153827931083749
2019-09-11,0.000508669268012388
2019-09-12,0.000511403755509326
2019-09-13,0.0005205928997436714
2019-09-16,0.0005050812738924888
2019-09-17,0.0004876580140638371
2019-09-18,0.0004943692606451248
2019-09-19,0.0005031868023576691
2019-09-20,0.0007719831667022293
2019-09-23,0.0008151118219546637
2019-09-24,0.0008178868742825456
2019-09-25,0.0007794689713076693
2019-09-26,0.0008072195492305858
2019-09-27,0.0007962951865803609
2019-09-30,0.0007651167470297869
2019-10-01,0.0007437876311372819
2019-10-02,0.0009858256766794343
2019-10-03,0.0009351196467835766
2019-10-04,0.0009491236430898547
2019-10-07,0.0009721460507324577
2019-10-08,0.000960566053300897
2019-10-09,0.0010132361182139979
2019-10-10,0.0010248662210748762
2019-10-11,0.001040896092346406
2019-10-15,0.0010478623974192742
2019-10-16,0.0010707798482777519
2019-10-17,0.0010615215157374204
2019-10-18,0.0010561164230215646
2019-10-21,0.0010423545078090378
2019-10-22,0.0010559875543424031
2019-10-23,0.001023741063634805
2019-10-24,0.001036052971492569
2019-10-25,0.0008698983369790632
2019-10-28,0.0008678881266099522
2019-10-29,0.0008786429184863837
2019-10-30,0.0008743634849748624
2019-10-31,0.0009020576828725399
2019-11-01,0.0009003959253480306
2019-11-04,0.0008972463476745014
2019-11-05,0.000917684431095586
2019-11-06,0.0009545124644404589
2019-11-07,0.0009609184786506113
2019-11-08,0.0009459714366615015
2019-11-12,0.0009425286076401141
2019-11-13,0.0010070388694233873
2019-11-14,0.0009676996850492077
2019-11-15,0.0009549571476986114
2019-11-18,0.0009520208455701095
2019-11-19,0.0009670088586942383
2019-11-20,0.0009799732700302682
2019-11-21,0.0009525454849564006
2019-11-22,0.0009535658458546493
2019-11-25,0.0009827558566781241
2019-11-26,0.0009962393803647127
2019-11-27,0.0010189265071431054
2019-11-29,0.0010435108116667808
2019-12-02,0.001030287370453764
2019-12-03,0.0010488283803989087
2019-12-04,0.0010290240142819733
2019-12-05,0.0010028770492266107
2019-12-06,0.0008945817945105712
2019-12-09,0.0009126480009081841
2019-12-10,0.0008858232221066447
2019-12-11,0.0008732495528761274
2019-12-12,0.0008803839668469619
2019-12-13,0.0008969476193746669
2019-12-16,0.0008894341619722619
2019-12-17,0.0009088481803667487
2019-12-18,0.0009069655362985736
2019-12-19,0.0008880630448375574
2019-12-20,0.0008938832438539714
2019-12-23,0.0008874763543397028
2019-12-26,0.0008827085814988621
2019-12-27,0.0008965192052898273
2019-12-30,0.0009172115318269462
2019-12-31,0.0009176427972967078
2020-01-02,0.0009326470169831838
2020-01-03,0.0009263539198505475
2020-01-06,0.0009133387254023265
2020-01-07,0.0008838432955585295
2020-01-08,0.0008622876718816572
2020-01-09,0.0008818498706829798
2020-01-10,0.0009048348980176171
2020-01-13,0.0009006817161743947
2020-01-14,0.0008783751074969165
2020-01-16,0.0008840866088434211
2020-01-17,0.0009095403387252032
2020-01-21,0.0009243594401612779
2020-01-22,0.0009069749505567202
2020-01-23,0.0009194352920149397
2020-01-24,0.0012488972669485116
2020-01-27,0.001209917535522716
2020-01-28,0.001124238636564216
2020-01-29,0.001100061359078552
2020-01-30,0.0010869384999598944
2020-01-31,0.0009778136265483465
2020-02-03,0.0009163938082385327
2020-02-04,0.0008739785798209656
2020-02-05,0.0009800756157393666
2020-02-06,0.0010883887016254962
2020-02-07,0.001121695157307387
2020-02-10,0.0011312175775559537
2020-02-11,0.001240659683458543
2020-02-12,0.001207260709051695
2020-02-13,0.0012288302651709904
2020-02-14,0.0010251170940012754
2020-02-18,0.0010429966139218145
2020-02-19,0.0010709484263368397
2020-02-20,0.0010448206785148937
2020-02-21,0.001114833659439985
2020-02-24,0.0010945503440842634
2020-02-25,0.0010142653680717236
2020-02-26,0.000955506368153824
2020-02-27,0.0009889930192410734
2020-02-28,0.0008890979649640626
2020-03-02,0.0009066283671949905
2020-03-04,0.0010583669939155192
2020-03-05,0.001062359659830096
2020-03-06,0.0009613858784656619
2020-03-09,0.0009121615354012611
2020-03-10,0.0007397726071069796
2020-03-12,0.000817542661718897
2020-03-13,0.0006755458463267587
2020-03-16,0.000605020960578518
2020-03-17,0.0003556903234815639
2020-03-18,0.0004599606598379249
2020-03-19,0.00036550659767831296
2020-03-20,0.0003722254610740935
2020-03-23,0.0003863594678690948
2020-03-24,0.0003226553593551647
2020-03-25,0.000463431919254653
2020-03-26,0.0004908747687129379
2020-03-27,0.0005883084080648712
2020-03-30,0.0005242918467733745
2020-03-31,-0.0002524245451288779
2020-04-01,-8.443895178372762e-05
2020-04-02,-0.0001957403758801236
2020-04-03,-0.0001424908681778639
2020-04-06,0.0002708509580990033
2020-04-07,-0.001371958615473634
2020-04-08,-0.0013613959010494426
2020-04-09,-0.0013004398249327072
2020-04-13,-0.001621305344717363
2020-04-14,-0.001598147388679845
2020-04-15,-0.0015369781436564809
2020-04-16,-0.0016344927594953303
2020-04-17,-0.0016084864017696023
2020-04-20,-0.0016693647453119675
2020-04-21,-0.0017429872665052325
2020-04-22,-0.001846730818693901
2020-04-23,-0.001826992340214678
2020-04-24,-0.0018514571108998238
2020-04-27,-0.00194001635684403
2020-04-28,-0.001908473899653703
2020-04-29,-0.0019122049538412805
2020-04-30,-0.0018578567914931616
2020-05-01,-0.0018739982050616118
2020-05-04,-0.001955126819876862
2020-05-05,-0.002175368307331055
2020-05-06,-0.0022418627198400798
2020-05-07,-0.0022778759078568547
2020-05-08,-0.0022490665224569038
2020-05-11,-0.00220782839974019
2020-05-13,-0.002198889197654981
2020-05-14,-0.002267473954356841
2020-05-15,-0.0023717877985519227
2020-05-18,-0.002357031621884588
2020-05-19,-0.002280537388162778
2020-05-20,-0.001890139502310655
2020-05-21,-0.0018447035388514236
2020-05-22,-0.0018506042613767443
2020-05-26,-0.0018968108756934761
2020-05-27,-0.0018590304553330922
2020-05-28,-0.001833960982933222
2020-05-29,-0.0018419223661840414
2020-06-01,-0.001824919369592577
2020-06-02,-0.001802497972068878
2020-06-03,-0.001773039379939321
2020-06-04,-0.0017323806925693657
2020-06-05,-0.001760847239316837
2020-06-08,-0.001689446245014247
2020-06-09,-0.0016643039060027323
2020-06-10,-0.0016787994768206716
2020-06-11,-0.0016890867186122548
2020-06-12,-0.0018496593553424471
2020-06-15,-0.0018383021655199612
2020-06-16,-0.001991336894132764
2020-06-17,-0.001957482508197422
2020-06-18,-0.001959781870976715
2020-06-19,-0.001954724072879573
2020-06-23,-0.001979623923174361
2020-06-24,-0.0019780268033612876
2020-06-25,-0.0018599459702662174
2020-06-26,-0.0018464819593033647
2020-06-29,-0.0019110643271070316
2020-06-30,-0.001868267352329766
2020-07-01,-0.0018445325214037657
2020-07-02,-0.001848636785119877
2020-07-06,-0.0018395780626362036
2020-07-07,-0.0018144632976386304
2020-07-08,-0.001845811087827717
2020-07-09,-0.0018773636661896843
2020-07-10,-0.0018993881570006912
2020-07-13,-0.0018735082995826916
2020-07-14,-0.0018960330953196073
2020-07-15,-0.0018582824771217865
2020-07-16,-0.0018310949278967812
2020-07-17,-0.001862569693702049
2020-07-20,-0.0018844786154615923
2020-07-21,-0.0018919598027256257
2020-07-22,-0.0018778550526233704
2020-07-23,-0.001939521233559554
2020-07-27,-0.002007725396550603
2020-07-28,-0.00201152765690812
2020-07-29,-0.002021372110872995
2020-07-30,-0.001993663839323344
2020-07-31,-0.0017848817424590264
2020-08-04,-0.0017348367478098885
2020-08-05,-0.0016755984696774028
2020-08-06,-0.0016606311766455331
2020-08-07,-0.0016416521633059145
2020-08-10,-0.001638970695389251
2020-08-11,-0.0015946805635139475
2020-08-12,-0.001601311932643627
2020-08-13,-0.001633446220907136
2020-08-14,-0.001693102839576987
2020-08-18,-0.0016981895898789804
2020-08-19,-0.0016827375327260487
2020-08-20,-0.0017272740223923042
2020-08-21,-0.0017294865149548525
2020-08-24,-0.001742802818314594
2020-08-25,-0.0021994698101295766
2020-08-26,-0.002018329416570872
2020-08-27,-0.001987431787034537
2020-08-28,-0.001992091553470864
2020-08-31,-0.0019702660213814023
2020-09-01,-0.001722445990576331
2020-09-02,-0.0016433621956114266
2020-09-03,-0.001565437269086741
2020-09-04,-0.0020209000673187677
2020-09-08,-0.0019562167107539837
2020-09-09,-0.0020102683599188755
2020-09-10,-0.002057693455403399
2020-09-11,-0.002149782435793348
2020-09-14,-0.0020755075870442508
2020-09-15,-0.0020053369747262263
2020-09-16,-0.001835412301510313
2020-09-17,-0.0019349076296365081
2020-09-18,-0.0013917148150811114
2020-09-21,-0.0014455797943361442
2020-09-22,-0.0012378442098053928
2020-09-23,-0.001328463387137698
2020-09-24,-0.0012891267246113703
2020-09-25,-0.001291812317286508
2020-09-28,-0.0012626059760274051
2020-09-29,-0.0011636430272174187
2020-09-30,-0.0013312168647067475
2020-10-01,-0.0013363258928665723
2020-10-02,-0.0014478191689310906
2020-10-05,-0.0013998162255731373
2020-10-06,-0.0008545076001748323
2020-10-07,-0.0010570297431407273
2020-10-08,-0.0009162247904489745
2020-10-09,-0.0009257537153355422
2020-10-13,-0.0015845445341529799
2020-10-14,0.0003245724473970842
2020-10-15,0.0005180412836385596
2020-10-16,0.000455777902179885
2020-10-19,0.0004183852362629588
2020-10-20,0.00039737113209211035
2020-10-21,0.00033133918965589016
2020-10-22,0.00039180872742627763
2020-10-23,0.00039202099936539136
2020-10-27,0.0003291937609060305
2020-10-28,0.0003697420300749562
2020-10-29,0.0003504220684648748
2020-10-30,0.00033478262504634774
2020-11-02,0.000305732361746556
2020-11-03,0.0002960727577767143
2020-11-04,0.00030259347036054
2020-11-05,0.0003744891646679934
2020-11-06,0.0003510074379599068
2020-11-09,0.00039744846715845125
2020-11-10,0.0004586802311500825
2020-11-12,0.0004421386821187078
2020-11-13,0.00046208875262132
2020-11-16,0.0005218220404519756
2020-11-17,0.0005276529160253372
2020-11-18,0.00046600293139042337
2020-11-19,0.0004348264232947037
2020-11-20,0.0004881237458817637
2020-11-23,0.0008222786031576875
2020-11-24,0.0008076205403498083
2020-11-25,0.0007758054488349532
2020-11-27,0.00046632694754154206
2020-11-30,0.0004202805097495291
2020-12-01,0.0003964802175373736
2020-12-02,0.00038753502455540577
2020-12-03,0.0003534828101812007
2020-12-04,0.00033964387232482147
2020-12-07,0.0003664381649001648
2020-12-08,0.00034772598969668654
2020-12-09,0.00034421915904959526
2020-12-10,0.0002975400414417657
2020-12-11,0.00025262895353842283
2020-12-14,0.00025993261286666523
2020-12-15,0.0001714366321941865
2020-12-16,0.00015878666970723623
2020-12-17,0.0001885155267814029
2020-12-18,0.00022043661429139722
2020-12-21,0.0003917033368596388
2020-12-22,0.00035714470983898386
2020-12-23,0.0003275817733072006
2020-12-28,0.00025486668175108454
2020-12-29,0.0002895550026755794
2020-12-30,0.00034997255652567774
2020-12-31,0.000346147255138012
2021-01-04,0.0003533829175375486
2021-01-05,0.0002684159970581278
2021-01-06,0.0002412334516824276
2021-01-07,0.0003246770258297439
2021-01-08,0.0003380223777289008
2021-01-11,0.000319289494043654
2021-01-12,0.0003767491343949297
2021-01-13,0.00036352150732583066
2021-01-14,0.00032979832168621197
2021-01-15,0.00033662869401441273
2021-01-19,0.0004634602630118656
2021-01-21,0.0005065198635740141
2021-01-22,0.00048011683597712877
2021-01-25,0.0004892965416028538
2021-01-26,0.00046920258846344415
2021-01-27,0.00044095815002803836
2021-01-28,0.0003848118316815099
2021-01-29,0.0004075588248172695
2021-02-01,0.0006198221609602766
2021-02-02,0.0006628958571479413
2021-02-03,0.0006881871252213879
2021-02-04,0.0006971298955724817
2021-02-05,0.0007130766366568794
2021-02-08,0.0007419561693530096
2021-02-09,0.0007318846881302096
2021-02-10,0.0006528312836389996
2021-02-11,0.0006372419144960131
2021-02-12,0.000637567424624176
2021-02-16,0.0006295044344341366
2021-02-17,0.0006104500115709804
2021-02-18,0.0006068297981926946
2021-02-19,0.0006175518369537585
2021-02-22,0.0006342392663552613
2021-02-23,0.0007377926080457921
2021-02-24,0.0007462801006769857
2021-02-25,0.0007823481993612654
2021-02-26,0.001200628356688021
2021-03-01,0.0011933297164114828
2021-03-02,0.0012638928526526503
2021-03-03,0.001227543628119826
2021-03-04,0.0011599004578865934
2021-03-05,0.0013740132863665634
2021-03-08,0.0014076207051777695
2021-03-09,0.001384855835121282
2021-03-10,0.0013696119673330567
2021-03-11,0.0014485197359986445
2021-03-12,0.0012725926343810229
2021-03-15,0.0012410630002273374
2021-03-17,0.0013595519040204606
2021-03-18,0.0013908369886005511
2021-03-19,0.001408525404621205
2021-03-22,0.001352293787836981
2021-03-23,0.0014255081739069442
2021-03-25,0.0013962036236290307
2021-03-26,0.0013775251078953301
2021-03-29,0.0014175879752585372
2021-03-30,0.0014197445661772313
2021-03-31,0.001234838351345627
2021-04-01,0.0012809136812233306
2021-04-05,0.0009349399167793533
2021-04-06,0.0009395508851576629
2021-04-07,0.0010022430186030016
2021-04-08,0.000999294927406651
2021-04-09,0.0009615071202331207
2021-04-12,0.0006989901568044049
2021-04-13,0.0007114020129367477
2021-04-14,0.0007030974230256507
2021-04-15,0.0007818022707400893
2021-04-16,0.0008303211489622373
2021-04-19,0.000785295210130003
2021-04-20,0.0008100684960141982
2021-04-21,0.0007437562459278103
2021-04-22,0.000747678075594323
2021-04-23,0.0006944096324186444
2021-04-26,0.0007380715394019372
2021-04-27,0.000570011064377586
2021-04-28,0.0005676373222486496
2021-04-29,0.0005666242036538368
2021-04-30,0.0006357952816955476
2021-05-03,0.0006040038446565711
2021-05-04,0.0006019962595750341
2021-05-05,0.0006015453228696493
2021-05-06,0.0005934463858088775
2021-05-07,0.0006248870818645857
2021-05-10,0.0007534729515802998
2021-05-11,0.0006925391776477084
2021-05-12,0.0007257547979321522
2021-05-13,0.0006498254317327811
2021-05-14,0.0006376906815091675
2021-05-17,0.0006201493526103164
2021-05-18,0.0005648229342558411
2021-05-19,0.0005282613811806761
2021-05-20,0.0005546854704001956
2021-05-21,0.0002201263592705949
2021-05-24,0.00024737474836430615
2021-05-25,0.00023216756894983606
2021-05-26,0.00019611904632205234
2021-05-27,0.00021422423985651318
2021-06-01,0.00024747246166677636
2021-06-02,0.00023636278619112495
2021-06-03,0.0002597992586659128
2021-06-04,0.0002574323263473286
2021-06-07,0.00023440508466697024
2021-06-08,0.0002375343674135157
2021-06-09,0.0002322439590709962
2021-06-10,0.0003100779596146607
2021-06-11,0.0003248525468234799
2021-06-14,0.00032425043102670857
2021-06-15,0.0003052645457075259
2021-06-16,0.0002838698853042164
2021-06-17,0.00027665878498294604
2021-06-22,0.0002687039070943296
2021-06-23,0.00030175656840140296
2021-06-24,0.00030235215535138663
2021-06-25,0.00028517926658292077
2021-06-28,0.0003058818375317948
2021-06-29,0.0002881414121429848
2021-06-30,0.0002844212378652646
2021-07-01,0.00027345155470807057
2021-07-02,0.00029543479853364396
2021-07-06,0.0003208228788466196
2021-07-07,0.0003218667216020457
2021-07-08,0.0003565659119958546
2021-07-09,0.0003123291837097896
2021-07-13,0.0002420656416430055
2021-07-14,0.00027141159792478796
2021-07-15,0.0002522049933720464
2021-07-16,0.0003864230410738996
2021-07-19,0.0003686606277925011
2021-07-20,0.0003051118477661019
2021-07-21,0.00026496462489518775
2021-07-22,0.0002616475348496262
2021-07-23,0.0001426258723564203
2021-07-26,-0.0002546454360248299
2021-07-27,-0.0002526001748807843
2021-07-28,-0.0002431521898347683
2021-07-29,-0.00020664673980168758
2021-07-30,-0.00031132261685509917
2021-08-03,-0.00032643073258907594
2021-08-04,-0.0002915625661245017
2021-08-05,-0.000316379963262035
2021-08-06,-0.0003240612118547828
2021-08-09,-0.00025097138812928084
2021-08-10,-0.00019913190022026768
2021-08-11,-0.00013547276728219742
2021-08-12,-0.00017905714039841527
2021-08-13,-0.00021340861410915567
2021-08-16,-0.00022695474558556288
2021-08-17,-0.0002571974009668114
2021-08-18,-0.00029196598802675377
2021-08-19,-0.00033735909722976126
2021-08-20,-0.0003296053403002643
2021-08-23,-0.00046696717615310457
2021-08-24,-0.00044589433867438363
2021-08-25,-0.00045071802826482973
2021-08-26,-0.00044225874953540337
2021-08-30,-0.0002686661377333315
2021-08-31,-0.0002697895712109139
2021-09-01,-0.0002660548170109103
2021-09-02,-0.00045199789228333017
2021-09-03,-0.0004469714973789381
2021-09-07,-0.0004856370283247078
2021-09-08,-0.001030479411639848
2021-09-09,-0.0010176636171711536
2021-09-10,-0.0011136485098564477
2021-09-13,-0.0011039769976825243
2021-09-14,-0.001051699463337206
2021-09-15,-0.0010209405081834046
2021-09-16,-0.0010656318764995392
2021-09-17,-0.0009148567761661036
2021-09-21,-0.0009472574294570221
2021-09-22,-0.0009674775992344711
2021-09-23,-0.0008493855119833351
2021-09-24,-0.0008143126729662469
2021-09-27,-0.0008312383620586532
2021-09-28,-0.0008485614118435987
2021-09-29,-0.0008547600309101152
2021-10-01,-0.0008478848704933897
2021-10-04,-0.000835271445720835
2021-10-05,-0.0007349070145780674
2021-10-06,-0.0007183979590519571
2021-10-07,-0.0007589692223690297
2021-10-08,-0.0007293158160217182
2021-10-12,-0.0007255900475458326
2021-10-13,-0.0007446106872257822
2021-10-14,-0.0005248032491853439
2021-10-15,-0.0005036708442776874
2021-10-18,-0.0004781425099951639
2021-10-19,-0.00047371398776979874
2021-10-20,-0.0004587502390998657
2021-10-21,-0.00030819013936912905
2021-10-22,-0.00029854669215890415
2021-10-25,-0.0003104537777471569
2021-10-26,-0.0002870249829091584
2021-10-27,-0.00031330338286704673
2021-10-28,-0.0003377020442734658
2021-10-29,-0.000295415550919376
2021-11-01,-0.00026976177234031614
2021-11-02,-0.0002928790919734366
2021-11-03,-0.00025691118948290947
2021-11-04,-0.000273581767662927
2021-11-05,-0.00026783061161531703
2021-11-08,-0.0002607637652327076
2021-11-09,-0.0002564879847243275
2021-11-10,-0.0002824543570057157
2021-11-12,-0.0002813610429510977
2021-11-15,-0.0003026147862371837
2021-11-16,-0.0003111177362908769
2021-11-18,-0.00030382036380122564
2021-11-19,-0.0003175291546317433
2021-11-22,-0.0003412988816936835
2021-11-23,-0.00031819742266060507
2021-11-24,-0.0003119849637541776
2021-11-26,-0.00025695109843243636
2021-11-29,-0.0003281054969123355
2021-11-30,-0.000348911347995891
2021-12-01,-0.00037501597033185
2021-12-02,-0.0003715153618308122
2021-12-03,-0.000338563286022584
2021-12-06,-6.719141218160653e-05
2021-12-07,-4.3986301513031456e-05
2021-12-08,-3.258989411349137e-05
2021-12-09,-9.989668921038411e-05
2021-12-10,-0.00010863724776417603
2021-12-13,-0.00010117845562985073
2021-12-14,-0.00011567793652681965
2021-12-15,-0.000133210986036614
2021-12-16,-9.308341265399759e-05
2021-12-17,-0.00012202777215887146
2021-12-20,-0.00013636428225755396
2021-12-21,-0.0001530741307087992
2021-12-22,-0.0002672008950698485
2021-12-23,-0.00026050591783826965
2021-12-27,-0.00025230687384775565
2021-12-28,-0.0002374647626807672
2021-12-29,-0.00023517168483361527
2021-12-30,-0.00021953757193100498
2022-01-03,-0.0002227350184427938
2022-01-04,-0.00023109108318439996
2022-01-05,-0.0002256484712934967
2022-01-06,-0.00010272257579323724
2022-01-07,-8.302019024290727e-05
2022-01-10,-2.6291129895677096e-05
2022-01-11,1.5429877981066285e-05
2022-01-12,-0.00013612007361713874
2022-01-13,-0.00014178999635836107
2022-01-14,-0.0002057355026103131
2022-01-18,-0.0001981892691860318
2022-01-19,-0.00014443331296280727
2022-01-20,-0.0001545587354485694
2022-01-21,-0.00010164896836746233
2022-01-24,-0.00016470251236905823
2022-01-25,-0.0001573976835046777
2022-01-26,-0.00030745759412743314
2022-01-27,-0.000284055348728641
2022-01-28,-0.0002601331525414219
2022-01-31,-0.00022497535038214504
2022-02-01,-0.00018013163402448608
2022-02-02,-0.00016109493727628084
2022-02-03,0.0002356718634264336
2022-02-04,0.0001401375609843912
2022-02-07,0.00017200847254874088
2022-02-08,0.0001606121133385364
2022-02-09,0.00037629741810173123
2022-02-10,0.0004378539687415423
2022-02-11,0.0003782422881544687
2022-02-14,0.0003388106430127835
2022-02-15,0.0003549109300313344
2022-02-16,0.0003973260591749329
2022-02-17,0.00039910628655136834
2022-02-18,0.0005128058242713932
2022-02-22,0.0004938080850990531
2022-02-23,0.00046306356544639836
2022-02-24,0.0003899717385822026
2022-02-25,0.0003922955798951048
2022-02-28,0.0005020647752534873
2022-03-01,0.0005183420259314796
2022-03-02,0.0004599672127113457
2022-03-03,0.0009412941912773557
2022-03-04,0.0009916395447500934
2022-03-07,0.0009578400488712976
2022-03-08,0.0008329506201120992
2022-03-09,0.0006598271496358951
2022-03-10,0.000733049699322191
2022-03-11,0.0007196817177549514
2022-03-14,0.0007025165386396336
2022-03-15,0.0006622976931327565
2022-03-17,0.000741348812568185
2022-03-18,0.0007951469802250513
2022-03-21,0.0008364690866509484
2022-03-22,0.0008570176675155219
2022-03-23,6.038021188463843e-05
2022-03-24,1.11950303430041e-05
2022-03-25,7.674032059738753e-05
2022-03-28,5.240717323809873e-05
2022-03-29,-4.610069524838383e-05
2022-03-30,-0.0005647781920825623
2022-03-31,-0.0005817029924256917
2022-04-01,-0.0006094392671549696
2022-04-04,-0.0006467439954910551
2022-04-05,-0.0006272100281987678
2022-04-06,-0.000657620523105966
2022-04-07,-0.000621651598097903
2022-04-08,-0.0006133586963176084
2022-04-11,-0.0006654725675417793
2022-04-12,-0.0008189229640498071
2022-04-13,-0.0008721017762357359
2022-04-14,-0.0008494077625440469
2022-04-18,-0.0008625553748844439
2022-04-19,-0.0008559201899494108
2022-04-20,-0.0008118227940487992
2022-04-21,-0.0008226152152384643
2022-04-22,-0.0009407277584485519
2022-04-25,-0.0010286049957313986
2022-04-26,-0.0010244348847885314
2022-04-27,-0.0011305846563093688
2022-04-28,-0.001143308687294575
2022-04-29,-0.001076019344127163
2022-05-02,-0.001191620235247076
2022-05-03,-0.0012212151502325195
2022-05-04,-0.0012128855046706294
2022-05-05,-0.0010967772027648214
2022-05-06,-0.0012500152977788595
2022-05-09,-0.0012732127302504722
2022-05-10,-0.0013767912637736909
2022-05-11,-0.0013794681468027653
2022-05-12,-0.0014500726927654836
2022-05-13,-0.0014683010708773658
2022-05-16,-0.0013982965520078462
2022-05-17,-0.001412533594280778
2022-05-18,-0.0013466106300534055
2022-05-19,-0.0014346764068187256
2022-05-20,-0.001054195812087778
2022-05-23,-0.001065580049952579
2022-05-24,-0.001013840291134944
2022-05-25,-0.0010511439627613646
2022-05-26,-0.001013561142687895
2022-05-27,-0.0009357645119408302
2022-05-31,-0.0008614552638841065
2022-06-01,-0.0008869127358219957
2022-06-02,-0.0008592698226698413
2022-06-03,-0.0009071478375138032
2022-06-06,-0.000912655672975716
2022-06-07,-0.0008760515969438863
2022-06-08,-0.0008801647322719122
2022-06-09,-0.0008926439371363753
2022-06-10,-0.0009929583850487981
2022-06-13,-0.001126456357837535
2022-06-14,-0.001335495334827446
2022-06-15,-0.0013353764721191269
2022-06-16,-0.0012920922089448596
2022-06-17,-0.001373462282728004
2022-06-22,-0.0013451800509418869
2022-06-23,-0.0013922920234100814
2022-06-24,-0.0013659523004846154
2022-06-27,-0.0012494663790772807
2022-06-28,-0.0012315000631374494
2022-06-29,-0.001273639312125163
2022-06-30,-0.001297043984320687
2022-07-01,-0.0013271271800005115
2022-07-05,-0.0013240541259846319
2022-07-06,-0.0013213107453797438
2022-07-07,-0.0013187429733374338
2022-07-08,-0.0012764359557441314
2022-07-11,-0.0012722812758439528
2022-07-12,-0.0012977397676593515
2022-07-13,-0.0013659332497498267
2022-07-14,-0.0013875889032829891
2022-07-15,-0.0014647273730124322
2022-07-18,-0.001605290226889293
2022-07-19,-0.0013434399189981917
2022-07-20,-0.0012993853013920688
2022-07-21,-0.0012370625019455133
2022-07-22,-0.0014945098722586943
2022-07-25,-0.001598357436071147
2022-07-26,-0.0015673696561737712
2022-07-27,-0.0016688754114749075
2022-07-28,-0.0015602488085074506
2022-07-29,-0.001823382604249583
2022-08-01,-0.001756907337923236
2022-08-02,-0.0017639814856670244
2022-08-03,-0.0017535696581480568
2022-08-04,-0.0017838432635007648
2022-08-05,-0.0018487838506099272
2022-08-08,-0.0018773587522206093
2022-08-09,-0.0019100664178975373
2022-08-10,-0.001843358690573889
2022-08-11,-0.0018165706998134093
2022-08-12,-0.0018087498242088142
2022-08-15,-0.0017968947788143807
2022-08-16,-0.001755223802663403
2022-08-17,-0.001717508619248452
2022-08-18,-0.0016887371244471215
2022-08-19,-0.0016745150123009256
2022-08-22,-0.0017435100832610638
2022-08-23,-0.0017787908791757443
2022-08-24,-0.0018360271759827159
2022-08-26,-0.0018183769433085836
2022-08-29,-0.0018614565438205527
2022-08-30,-0.0018264139104785962
2022-08-31,-0.001863327492160123
2022-09-01,-0.001941859675339373
2022-09-02,-0.0019374907525353707
2022-09-06,-0.001919307560478602
2022-09-07,-0.0019788476566288985
2022-09-08,-0.0020126409515688654
2022-09-09,-0.0019883027046823406
2022-09-12,-0.0018773210024343467
2022-09-13,-0.0018388544542207472
2022-09-14,-0.0019855000939588683
2022-09-15,-0.0019689316848486333
2022-09-16,-0.001972998162559932
2022-09-19,-0.001969478124446123
2022-09-20,-0.002011230462593266
2022-09-21,-0.002067050205597879
2022-09-22,-0.0020708134044191005
2022-09-23,-0.002088205981991095
2022-09-26,-0.0019571250446375845
2022-09-27,-0.0019423757355521432
2022-09-28,-0.001988165321168093
2022-09-29,-0.00193060582647951
2022-09-30,-0.001948607295303653
2022-10-03,-0.0016774937669362998
2022-10-04,-0.0016110662352660735
2022-10-05,-0.0015543024870369334
2022-10-06,-0.0015722488666571463
2022-10-07,-0.0016171210290661805
2022-10-11,-0.0016390844279601802
2022-10-12,-0.0016240208394866622
2022-10-13,-0.0016464842784295831
2022-10-14,-0.0015962795738803679
2022-10-17,-0.001607725299347672
2022-10-18,-0.0015488892559427333
2022-10-20,-0.0018570032342971644
2022-10-21,-0.0018879463640043858
2022-10-24,-0.001841763026789457
2022-10-25,-0.0018451205908333389
2022-10-26,-0.0018068436326235567
2022-10-27,-0.0017728727002613853
2022-10-28,-0.0017363666319607895
2022-10-31,-0.0017094962348921413
2022-11-01,-0.0016604416737357342
2022-11-02,-0.001670949096993295
2022-11-03,-0.0004560333043956235
2022-11-04,-0.0003798830461263106
2022-11-07,-0.0003456552685886147
2022-11-08,-0.0003412094031323134
2022-11-09,-0.0004054362042430606
2022-11-10,-0.00034577378949217586
2022-11-14,-0.0018724843125849395
2022-11-15,-0.0018060582514348037
2022-11-16,-0.001795857849375004
2022-11-17,-0.001773401153738984
2022-11-18,-0.0017770954098568284
2022-11-21,-0.00182893685997072
2022-11-22,-0.0018280179973829698
2022-11-23,-0.002016302920517896
2022-11-25,-0.0019241176191620486
2022-11-28,-0.002302650918459367
2022-11-29,-0.0023582579057313197
2022-11-30,-0.0024125427219987288
2022-12-01,-0.0023188007673217172
2022-12-02,-0.0023477457809117286
2022-12-05,-0.0024061274551832315
2022-12-06,-0.0025018967510307146
2022-12-07,-0.0025208918047623582
2022-12-08,-0.0025063774999968635
2022-12-09,-0.0024309832330206074
2022-12-13,-0.002387469017411806
2022-12-14,-0.0023751832040833968
2022-12-15,-0.0024058981881740667
2022-12-16,-0.002438814957570125
2022-12-19,-0.0024054383536447994
2022-12-20,-0.0023563088971451434
2022-12-21,-0.0022557191424707863
2022-12-22,-0.002207302993616577
2022-12-23,-0.002280310563539897
2022-12-27,-0.0021860857629836332
2022-12-28,-0.0021863628490668497
2022-12-29,-0.0022159229251948005
2022-12-30,-0.0021830288636023186
2023-01-04,-0.0022564918346039435
2023-01-05,-0.0022540341926009138
2023-01-06,-0.0022103141212187517
2023-01-09,-0.002367133193860385
2023-01-10,-0.0023523303996263803
2023-01-11,-0.002345666331264946
2023-01-12,-0.002311606035188028
2023-01-13,-0.0023200966531485697
2023-01-17,-0.002328042845850982
2023-01-18,-0.002330769655122923
2023-01-19,-0.002362672933806511
2023-01-23,-0.002290927158818969
2023-01-24,-0.0022251125815715258
2023-01-26,-0.0022190694240042594
2023-01-27,-0.00216214552994268
2023-01-30,-0.002131469894781758
2023-01-31,-0.002229736813713127
2023-02-01,-0.0021851544773414198
2023-02-02,-0.002277380577609488
2023-02-03,-0.002196534994774554
2023-02-06,-0.0022360788983594292
2023-02-07,-0.0022564425994849283
2023-02-08,-0.002263176884953159
2023-02-09,-0.0021649970810935517
2023-02-10,-0.0022107332445375294
2023-02-13,-0.0021956218173879837
2023-02-14,-0.0021492757280369658
2023-02-15,-0.00218331842480967
2023-02-16,-0.002172086663465234
2023-02-17,-0.002207990451898115
2023-02-21,-0.0022124559927837045
2023-02-22,-0.0022603206900212976
2023-02-23,-0.002309546378591693
2023-02-24,-0.0023017045528472774
2023-02-27,-0.002372696586242001
2023-02-28,-0.0025669663091274415
2023-03-01,-0.002398237139804307
2023-03-02,-0.0023946938120772503
2023-03-03,-0.002367115343890101
2023-03-06,-0.002538096262509471
2023-03-08,-0.0024865065169441935
2023-03-09,-0.002471918290144067
2023-03-10,-0.002549069613473938
2023-03-13,-0.0025339702706378073
2023-03-14,-0.0023516370907455115
2023-03-15,-0.0022582885061942113
2023-03-16,-0.0022649932817787872
2023-03-17,-0.0022190544630906897
2023-03-20,-0.002236277676617285
2023-03-21,-0.00218932923531149
2023-03-22,-0.002179816662429771
2023-03-23,-0.002246671191064483
2023-03-24,-0.0022333905072885202
2023-03-27,-0.0022459557132884418
2023-03-28,-0.0021512806396582307
2023-03-29,-0.002025905443876831
2023-03-30,-0.0019370017920218425
2023-03-31,-0.001894662929956283
2023-04-03,-0.0018520735650851012
2023-04-04,-0.0018085955650153087
2023-04-06,-0.0018573518340532528
2023-04-10,-0.001825568389786111
2023-04-11,-0.0017809577860097943
2023-04-12,-0.0017620884024093246
2023-04-13,-0.0017722284454385973
2023-04-17,-0.0017774832864218965
2023-04-19,-0.0017176796377585137
2023-04-20,-0.0016821438003199718
2023-04-21,-0.0017573977239865824
2023-04-24,-0.0018241507716548152
2023-04-25,-0.001816889371145786
2023-04-26,-0.00184208004612557
2023-04-27,-0.0017932733210373067
2023-04-28,-0.0017231276079856953
2023-05-01,-0.0016912804643146957
2023-05-02,-0.0017421397482941944
2023-05-03,-0.0017249009414698323
2023-05-04,-0.0017988391529786462
2023-05-05,-0.0016791038258735565
2023-05-08,-0.0016067616172376728
2023-05-09,-0.0016515979881199332
2023-05-10,-0.0016822836015869455
2023-05-11,-0.0017014532978855783
2023-05-12,-0.0017049955827170174
2023-05-15,-0.0016999035994494727
2023-05-16,-0.0017278784694319885
2023-05-17,-0.0014340369435227817
2023-05-18,-0.001389420906604402
2023-05-19,-0.0029865153529752145
2023-05-22,-0.002976668282140725
2023-05-23,-0.0030011746271559146
2023-05-24,-0.003055524215478152
2023-05-26,-0.0030877896224352245
2023-05-30,-0.003022984503941738
2023-05-31,-0.0009586447310938564
2023-06-01,-0.0009692621763111394
2023-06-02,-0.0009573708032526841
2023-06-05,-0.000904842099458873
2023-06-06,-0.0009033279342416365
2023-06-07,-0.0009013540809125041
2023-06-08,-0.0009039985847874418
2023-06-09,-0.000639539652360781
2023-06-12,-0.0006289874892016727
2023-06-13,-0.0008919779603506774
2023-06-14,-0.000843178327278266
2023-06-16,-0.0008376458631626701
2023-06-20,-0.0009159590952567534
2023-06-21,-0.0009256582034222028
2023-06-22,-0.0009359133083480815
2023-06-23,-0.000902990130269855
2023-06-26,-0.0008880265786092785
2023-06-27,-0.0008930999426966747
2023-06-28,-0.0006807721046051312
2023-06-29,-0.0007164373681843292
2023-06-30,-0.0007298329989086033
2023-07-03,-0.0007192961117510732
2023-07-05,-0.0005165116197759091
2023-07-06,-0.0004934646830031429
2023-07-07,-0.0004823925870510241
2023-07-10,-0.000489728995070039
2023-07-11,-0.0005314188430009251
2023-07-12,-0.0004810617506963785
2023-07-13,-0.00048257909901235237
2023-07-14,-0.0004878667460003868
2023-07-17,-0.0004557417044175306
2023-07-18,-0.0004908762003271968
2023-07-19,-0.00047823165751909356
2023-07-20,-0.0004543689522109787
2023-07-21,-0.00047046622772885563
2023-07-24,-0.00022859235057167166
2023-07-25,-0.0002145724693434893
2023-07-26,-0.00023281680466621547
2023-07-27,-0.0002652431071865388
2023-07-28,-0.000248442628482239
2023-07-31,-0.0002456159273496807
2023-08-01,-0.00023230601571215824
2023-08-02,-3.5752361450792805e-05
2023-08-03,-0.0001950643288499329
2023-08-04,-0.0002537399459485025
2023-08-07,-0.0002603834271214169
2023-08-08,-0.0003305548195610509
2023-08-09,-0.00035071215610292614
2023-08-10,-0.0003142302544693251
2023-08-11,-0.00037025572105506857
2023-08-14,-0.000411518882950668
2023-08-15,-0.0004488292667661588
2023-08-16,-0.00044124810208874516
2023-08-17,-0.0004355691610701604
2023-08-18,-0.0004859080140631875
2023-08-21,-0.0004503003113305958
2023-08-22,-0.00043434411338314025
2023-08-23,-0.0004466618861722656
2023-08-24,-0.00045528474148938874
2023-08-25,-0.00048646316833760153
2023-08-28,-0.0004940716618374334
2023-08-29,-0.0004386601921324512
2023-08-30,-0.00039503483460980477
2023-08-31,-0.0003293311149155974
2023-09-01,-0.000330904159263275
2023-09-06,-0.00023823403297947168
2023-09-07,-0.0002287108996840339
2023-09-08,-0.00024613114776050177
2023-09-11,-0.00033696129749294774
2023-09-12,-0.0004430366907236307
2023-09-13,-0.0004818620050912279
2023-09-14,-0.0003015653014476243
2023-09-15,-0.00028289365551635814
2023-09-18,-0.00032419811647803744
2023-09-19,-0.0002587106997204928
2023-09-20,-0.00021026598712184616
2023-09-22,-0.0003059835119734586
2023-09-25,-0.00036819133880778177
2023-09-26,-0.0003306684850388875
2023-09-27,-0.00041469905937183604
2023-09-28,-0.00037450540231365073
2023-09-29,-0.0003879544519467608
2023-10-02,-0.000439964277173202
2023-10-03,-0.0003823751009711682
2023-10-04,-0.00037644128997740074
2023-10-05,-0.00036434647191752295
2023-10-06,-0.0003706331269092335
2023-10-10,-0.0004149127666680332
2023-10-11,-0.00045552184942433953
2023-10-12,-0.0004665390027430656
2023-10-13,-0.0005370468267352467
2023-10-16,-0.0005637470848374543
2023-10-17,-0.0005143693011373156
2023-10-18,-0.0004925875294015382
2023-10-19,-0.0005305194891957716
2023-10-20,-0.0005529196138115834
2023-10-23,-0.0005738447972346167
2023-10-24,-0.0006173031392945197
2023-10-25,-0.0006091310083073449
2023-10-26,-0.0006423720703403261
2023-10-27,-0.0006555410817920881
2023-10-30,-0.0006694367443425858
2023-10-31,-0.0009759495125132504
2023-11-01,-0.000912640140612424
2023-11-02,-0.0008729513855622748
2023-11-03,-0.0008862876077025009
2023-11-07,-0.0008861927117181424
2023-11-08,-0.0008776228786147466
2023-11-09,-0.0008419542962986076
2023-11-13,-0.0008432735619668202
2023-11-14,-0.00082494512825079
2023-11-15,-0.0008299849222588848
2023-11-16,-0.0008271507865988371
2023-11-17,-0.0008203049692056711
2023-11-20,-0.0008303068621610764
2023-11-21,-0.0008440466627184047
2023-11-22,-0.0008448804323458707
2023-11-24,-0.0008425920342579084
2023-11-27,-0.0010830037994981742
2023-11-28,-0.0011266132414641482
2023-11-29,-0.0011548704448352241
2023-11-30,-0.0011528828829908075
2023-12-01,-0.0011433369866486257
2023-12-04,-0.0010909972687814702
2023-12-05,-0.001083541988769433
2023-12-06,-0.0011237386715413494
2023-12-07,-0.0011331752101464197
2023-12-08,-0.001096979886767249
2023-12-11,-0.001100220383419994
2023-12-12,-0.0011289708684950924
2023-12-13,-0.0011144798742771236
2023-12-14,-0.0010929178223603642
2023-12-15,-0.0010780597693183546
2023-12-18,-0.0010652039890545607
2023-12-19,-0.001058839509834968
2023-12-20,-0.0008949451048128475
2023-12-21,-0.0009201956036524119
2023-12-22,-0.000900792439823687
2023-12-26,-0.0008883854215459978
2023-12-27,-0.0008672757583897019
2023-12-28,-0.0008508224871282256
2024-01-02,-0.0008592255233366575
2024-01-04,-0.0008384900039980906
2024-01-05,-0.0008272910088564057
2024-01-08,-0.0008398755270347339
2024-01-09,-0.0007675941288783922
2024-01-10,-0.0007764191656422642
2024-01-11,-0.00082980124237152
2024-01-12,-0.0009367378604817076
2024-01-16,-0.000928200360172404
2024-01-17,-0.0007281777837224506
2024-01-18,-0.0005411723555972719
2024-01-19,-0.0005030131194499474
2024-01-22,-0.00046860553713594095
2024-01-23,-0.0004776781918768426
2024-01-24,-0.00048786410668702647
2024-01-25,-0.0004839072268817654
2024-01-26,-0.0005620822257653678
2024-01-29,-0.0005828261646709265
2024-01-30,-0.0007133626335565973
2024-01-31,-0.0006993444600869161
2024-02-01,-0.0007735533111596546
2024-02-02,-0.0007314426964999232
2024-02-05,-0.0006924142066909646
2024-02-06,-0.0007063992589653868
2024-02-07,-0.0006887603548736544
2024-02-08,-0.0006811884802183397
2024-02-09,-0.0006828039478866172
2024-02-12,-0.0008446293906936469
2024-02-13,-0.0008042213216302229
2024-02-14,-0.0008587331623864314
2024-02-15,-0.0008046784873474695
2024-02-16,-0.0007593576740034659
2024-02-20,-0.0007591321777992599
2024-02-21,-0.0007650845255780681
2024-02-22,-0.0007611821344573628
2024-02-23,-0.0006813422167459884
2024-02-26,-0.0006981079991302029
2024-02-27,-0.0006803175050289921
2024-02-28,-0.0006567670990819156
2024-02-29,-0.0006531088435256738
2024-03-01,-0.0006349502993111605
2024-03-04,-0.000612642202100801
2024-03-05,-0.000611691309786242
2024-03-06,-0.0006760447769462608
2024-03-07,-0.0006260785173503142
2024-03-08,-0.0005963416612752169
2024-03-11,-0.0006342611990485426
2024-03-12,-0.0006740256542909301
2024-03-13,-0.0006517146491059837
2024-03-14,-0.0006537451303170803
2024-03-15,-0.0007280368343825332
2024-03-18,-0.0007258696359574543
2024-03-19,-0.0006983127307615029
2024-03-20,-0.0007724654634488559
2024-03-21,-0.0006296686834419696
2024-03-22,-0.0006064177273688837
2024-03-25,-0.0006144055644222365
2024-03-26,-0.0006457769013627461
2024-03-27,-0.0006103690784856279
2024-03-28,-0.0005866138925785761
2024-04-01,-0.0005839710485785505
2024-04-02,-0.000560591123603576
2024-04-03,-0.0005760779022348712
2024-04-04,-0.0004982227931513588
2024-04-05,-0.0004915256788133713
2024-04-08,-0.0004609242233757533
2024-04-09,-0.00048106087959816325
2024-04-10,-0.0004689510011729131
2024-04-11,-0.0004986628994983838
2024-04-12,-0.0004555838251594022
2024-04-15,-0.0005173332390918625
2024-04-16,-0.0005455595113281769
2024-04-17,-0.0005840612798481263
2024-04-18,-0.0006128235780531303
2024-04-19,-0.0006298237729830213
2024-04-22,-0.0006309256390695977
2024-04-23,-0.0005965473370165835
2024-04-24,-0.000714580250359367
2024-04-25,-0.0007810488175656665
2024-04-26,-0.0007527785032175527
2024-04-29,-0.0007068104944946115
2024-04-30,-0.0006629075603932911
2024-05-01,-0.000682971794765648
2024-05-02,-0.0007077045487185466
2024-05-03,-0.0006567798848463721
2024-05-06,-0.0005998933752697696
2024-05-07,-0.0005711190139984117
2024-05-08,-0.00015006510887152598
2024-05-09,-0.00016766694987616727
2024-05-10,-0.0001910858989327012
2024-05-13,-0.00023126016262904375
2024-05-14,-0.0002559787711964348
2024-05-15,-0.0002557849505062602
2024-05-16,-0.0002509388068548235
2024-05-17,-0.00022610078751078214
2024-05-20,-0.0002197974667299393
2024-05-21,-0.0002728102294632128
2024-05-22,-0.0002720661146775948
2024-05-24,-0.00027303523979144845
2024-05-28,-0.0002796503864752827
2024-05-29,-0.00024614935206767523
2024-05-30,-2.0423139615302464e-05
2024-05-31,-4.25063828336096e-05
2024-06-03,-2.666110326856363e-05
2024-06-04,-1.6042059139058322e-05
2024-06-05,-1.493999017171929e-05
2024-06-06,1.5852646736928216e-05
2024-06-07,5.27285250787362e-06
2024-06-10,-1.407209649220663e-05
2024-06-11,9.785817409083727e-06
2024-06-12,1.5254289127676932e-05
2024-06-13,4.772635267468364e-05
2024-06-14,3.0032609527843522e-05
2024-06-17,0.00021488096279764896
2024-06-18,0.00021267355368550204
2024-06-20,0.00020622234277336182
2024-06-21,0.0003603326082702846
2024-06-24,0.00035073056261946756
2024-06-25,0.00037100112207149867
2024-06-26,0.00036634720735776696
2024-06-27,0.0003578749883872576
2024-06-28,0.00036813069299097546
2024-07-01,0.0003399306020953378
2024-07-02,0.0003420605067751938
2024-07-03,3.5363061915825176e-05
2024-07-05,4.01297062882781e-05
2024-07-08,5.117535761097898e-05
2024-07-09,5.019205928243883e-05
2024-07-10,4.882377393190725e-05
2024-07-11,6.535586823895941e-05
2024-07-12,-2.37754818058993e-05
2024-07-15,-1.1405352196531884e-05
2024-07-16,2.62568270069272e-05
2024-07-18,5.314160487943102e-06
2024-07-19,-1.1748412208388032e-05
2024-07-22,-0.00016227849002849371
2024-07-23,-0.0003292048404391909
2024-07-24,-0.0003628608908217005
2024-07-25,-0.00031522625132016514
2024-07-26,-0.00031862767286766093
2024-07-29,-0.000306219011002002
2024-07-30,-0.00030655900780486545
2024-07-31,-0.0002219467408060847
2024-08-01,-0.00018818508219994865
2024-08-02,-5.116417976651657e-05
2024-08-05,-8.040657305743407e-05
2024-08-06,-6.703113199641295e-05
2024-08-07,-0.0001163474918997321
2024-08-08,0.0001004646885830563
2024-08-09,0.0001649840316832178
2024-08-12,0.0002239329668866526
2024-08-13,0.00019084367053594277
2024-08-14,0.00019086032624637185
2024-08-15,0.00016918834428111102
2024-08-16,0.00021290816772193683
2024-08-19,0.00028273798448624066
2024-08-20,0.00024304817420244765
2024-08-21,0.00022939709736423224
2024-08-22,0.00024887942407023376
2024-08-23,0.0005867467114517403
2024-08-26,0.0006176027695038744
2024-08-27,0.0005302643116510736
2024-08-28,0.00053485453925294
2024-08-29,0.00053228768275372
2024-08-30,0.0005296232961335035
2024-09-03,0.000567213361394012
2024-09-04,0.0004827292507517604
2024-09-05,0.00044890781574908223
2024-09-06,0.000447620195695225
2024-09-09,0.00043223857152561665
2024-09-10,0.0004491289584805346
2024-09-11,0.00042596948612379313
2024-09-12,0.0004815355874311253
2024-09-13,0.0005065505492435523
2024-09-16,0.0004800044848017612
2024-09-17,0.0004907502297330167
2024-09-18,0.0005020493073302113
2024-09-19,0.0005185169893268564
2024-09-20,0.0004508897388543257
2024-09-23,0.0005551349899734354
2024-09-24,0.0005348955235951601
2024-09-25,0.0005306085127561337
2024-09-26,0.0005325413819917051
2024-09-27,0.0003911242210056892
2024-09-30,0.00039458716951422786
2024-10-01,0.0003809821889528389
2024-10-02,0.00035209332114065367
2024-10-03,0.0003589658116283363
2024-10-04,0.0003767478489777712
2024-10-07,0.0004175838031226787
2024-10-08,0.0004374311120293762
2024-10-09,0.0004313266972639456
2024-10-10,0.00042695859182563756
2024-10-11,0.000416181295069714
2024-10-15,0.0004647263886665867
2024-10-16,0.00041901990175184455
2024-10-17,0.0004741084168964804
2024-10-18,0.0005085337633184495
2024-10-21,0.0005254109883846009
2024-10-22,0.0005357221208442219
2024-10-23,0.0005403390422255001
2024-10-24,0.0008134447129564418
2024-10-25,0.0007969892533689824
2024-10-28,0.0008534828760360569
2024-10-29,0.0008594297671413196
2024-10-30,0.0008737762517405129
2024-10-31,0.0008942031607048836
2024-11-01,0.0008274311084882619
2024-11-04,0.0008709833170117904
2024-11-05,0.0008684478080739757
2024-11-06,0.0008828745785891905
2024-11-07,0.0009301155844559831
2024-11-08,0.0009293343253052722
2024-11-12,0.0009353197635138584
2024-11-13,0.0009252787008640809
2024-11-14,0.0009145843437370903
2024-11-15,0.0009005190144608
2024-11-18,0.0008664680398553701
2024-11-19,0.0008670247866276689
2024-11-20,0.0007653588257449187
2024-11-21,0.0007681234087541492
2024-11-22,0.00077939433251442
2024-11-25,0.0007855525202788168
2024-11-26,0.0007879294341593895
2024-11-27,0.0008048026459341037
2024-11-29,0.0007876405502274658
2024-12-02,0.0008001516520417542
2024-12-03,0.0007226550841141874
2024-12-04,0.0007245231741213978
2024-12-05,0.0007242637332551778
2024-12-06,0.0007176114026358438
2024-12-09,0.0007203962901127083
2024-12-10,0.0006801865776821075
2024-12-11,0.0006708821347535854
2024-12-12,0.0006945823038176332
2024-12-13,0.0006731258748226936
2024-12-17,0.0006682839058364033
2024-12-18,0.000639714871566903
2024-12-19,0.0005549787409856031
2024-12-20,0.0005487789912771899
2024-12-23,0.0004924531547958304
2024-12-26,0.0005066063425165207
2024-12-27,0.00046931761818412885
2024-12-30,0.0004401166936745418
2024-12-31,0.00039896501972374156
2025-01-02,0.00038087769579663933
2025-01-03,0.00037870251315368206
2025-01-06,0.0003780461203569662
2025-01-07,0.00040735546094193017
2025-01-08,0.0003586111312420942
2025-01-10,0.000730174937271393
2025-01-13,0.0007391730230903809
2025-01-14,0.0007322264781773456
2025-01-15,0.00070853433419979
2025-01-16,0.0007989302562920921
2025-01-17,0.0007608808341999565
2025-01-21,0.0008316517930055786
2025-01-22,0.0008600840218096237
2025-01-23,0.0008695458288278124
2025-01-24,0.0008765737112047406
2025-01-27,0.0008835893369710529
2025-01-28,0.000831504081594158
2025-01-29,0.0008439622624409469
2025-01-30,0.0008266033962020964
2025-01-31,0.0007775588172678882
2025-02-03,0.0007589500045919462
2025-02-04,0.0007115049089294743
2025-02-05,0.0007305918294933252
2025-02-07,0.000588316846552191
2025-02-10,0.0005225901207563867
2025-02-11,0.0005752182563493725
2025-02-12,0.0006159140881568752
2025-02-14,0.0006724244497345547
2025-02-18,0.0005960218251512459
2025-02-19,0.00046267932629180794
2025-02-20,0.00042191366071251443
2025-02-24,0.0004022299535531533
2025-02-25,0.0003890531250999345
2025-02-26,0.0003652965321956545
2025-02-27,0.0003624953953522429
2025-02-28,0.0002881246732137695
2025-03-03,0.0003206128306850463
2025-03-04,0.00027487403769017285
2025-03-05,0.00024998710300057944
2025-03-06,0.0002509830366131384
2025-03-07,2.9685780632440503e-05
2025-03-10,-1.1302764485860783e-05
2025-03-11,-6.388895689925361e-05
2025-03-12,-6.30842455567145e-05
2025-03-13,-3.706918925256787e-05
2025-03-14,-6.260772983288245e-05
2025-03-17,-4.866678381737356e-05
2025-03-18,1.9093505009083754e-05
2025-03-19,9.684034919042461e-06
2025-03-20,4.123037420936462e-05
2025-03-21,7.871664685494509e-05
2025-03-24,5.233275824355944e-05
2025-03-25,8.086911804111722e-05
2025-03-26,5.801148866079154e-05
2025-03-27,1.6728914196447286e-05
2025-03-28,2.7930842755009406e-06
2025-03-31,-3.135432265538571e-05
2025-04-02,-2.1794486351963777e-05
2025-04-03,-2.0458228712626264e-06
2025-04-04,-6.702697237909531e-05
2025-04-07,-0.00024147129501412337
2025-04-08,-0.0002529021137916112
2025-04-09,-0.00028411531030628884
2025-04-14,-0.00010757648140131512
2025-04-15,8.603253649305459e-05
2025-04-16,8.581480022594611e-05
2025-04-17,3.3202193463060464e-05
2025-04-21,5.6638396068561705e-05
2025-04-22,3.7509810826695875e-05
2025-04-23,7.57384961601005e-06
2025-04-24,4.560140386496236e-05
2025-04-25,8.267416705887922e-05
2025-04-28,6.459412037735363e-05
2025-04-29,8.865563494379613e-05
2025-04-30,0.00010333168704158773
2025-05-01,8.883570463207071e-05
2025-05-02,0.00011979667604467557
2025-05-05,0.00013010716545252477
2025-05-06,0.00012056301405613198
2025-05-07,9.620338496687611e-05
2025-05-08,0.00010740085481708819
2025-05-09,0.00011240015522983372
2025-05-12,-0.000313345280891398
2025-05-13,-0.0002978548295704473
2025-05-14,-0.0002983089892045331
2025-05-15,-0.00031260146521702004
2025-05-16,-0.0003137172966935952
2025-05-19,-0.0005190665787185321
2025-05-20,-0.00044786110085832167
2025-05-21,-0.0004753009045369776
2025-05-22,0.0007127884628214955
2025-05-23,0.0006830727171930472
2025-05-27,0.0006045251547361769
2025-05-28,0.0006416939071701602
2025-05-29,0.0006673818729815266
2025-05-30,0.000588243557288264
2025-06-02,0.0005877531570910651
2025-06-03,0.0006017156409510181
2025-06-04,0.0006301124715944706
2025-06-05,0.0006224639154667302
2025-06-06,0.0007050193046498772
2025-06-09,0.0007175711115246898
2025-06-10,0.0007085706042620672
2025-06-11,0.0007099492712186883
2025-06-12,0.0007149578615437865
2025-06-13,0.0007094304745158212
2025-06-16,0.0007000800990549024
2025-06-17,0.0006990088491248817
2025-06-18,0.0006805093569999339
2025-06-20,0.0007088123099085493
2025-06-23,0.0006937606080699775
2025-06-24,0.0007078401534565952
2025-06-25,0.0007199835462191063
2025-06-26,0.0007312585147461863
2025-06-27,0.0007420536798056175
2025-06-30,0.0007315375942267406
2025-07-01,0.0005255655881621959
2025-07-02,0.0005274910558714905
2025-07-03,0.0005442377781186549
2025-07-08,0.0006219964035643935
2025-07-09,0.0006225791692639354
2025-07-10,0.0006699480227797869
2025-07-11,0.0006597986046246651
2025-07-14,0.0006780389806193086
2025-07-15,0.0007034726864954896
2025-07-16,0.0007598183893095256
2025-07-17,0.0007749393677183569
2025-07-18,0.0006385686661743709
2025-07-21,0.0006236070012504993
2025-07-22,0.0006102407325617655
2025-07-23,0.0006424570199921266
2025-07-25,0.000656519123962786
2025-07-28,0.0006626395126026241
2025-07-29,0.0006596689590294748
2025-07-30,0.0006572286050403391
2025-07-31,0.0005994377516666496
2025-08-01,0.0006455814301324968
2025-08-04,0.0007780287200794996
2025-08-05,0.0007885108900619001
2025-08-06,0.0007633282821650578
2025-08-08,0.0007668610969560135
2025-08-11,0.0007933026839076155
2025-08-12,0.00085141749854779
2025-08-13,0.0008550902249920826
2025-08-14,0.0008309649111056308
2025-08-15,0.0008172289174246305
2025-08-18,0.000821170376484179
2025-08-19,0.0008414748174367699
2025-08-21,0.0008085241653745539
2025-08-22,0.0008742118626949677
2025-08-25,0.0009378251137315512
2025-08-26,0.000907905190701824
2025-08-27,0.0009161900658971055
2025-08-28,0.0009291371532856632
2025-08-29,0.001007889883511116
2025-09-02,0.0009849304088253685
2025-09-03,0.000962789046213492
2025-09-04,0.0009834815442344548
2025-09-05,0.0010152094406834869
2025-09-08,0.0010161620254174786
2025-09-09,0.0010204928182646524
2025-09-10,0.0010599770803309152
2025-09-11,0.001034122843681756
2025-09-12,0.0010906028409286355
2025-09-15,0.0011102505799878489
2025-09-16,0.0011088061256824258
2025-09-17,0.0011210822241272417
2025-09-18,0.001119203013401111
2025-09-19,0.0011809903132130335
2025-09-22,0.0011882456262765281
2025-09-23,0.0011882767427370746
2025-09-25,0.0011956006396732302
2025-09-26,0.0011465548837757866
2025-09-29,0.0011465270019615863
2025-09-30,0.001163551385622491
2025-10-01,0.001151252240818272
2025-10-02,0.001162168465793234
2025-10-16,0.0011612428898656205
2025-10-20,0.0011137239289901733
2025-10-21,0.0011334781050155096
2025-10-23,0.0011528777614322676
